date,懒狗代,芸芸众生,世界以痛吻我,书院来信,粒子们,Love in my pocket,向前,反抗,We&nbsp;We,最后的晚安,山顶洞人与夜航船,飞奔向你,早点早点,听到了吗,画,What do you want,What is rap,那一首歌,未接来电,写给说唱新世代参赛选手的一封挑战书,给说唱新世代参赛选手的一封建议信,来自世界的恶意,我不想死在20岁,听到了吗,Real Life,放肆爱,成功的布鲁斯一夜,风,What is rap,生命诗,就算你活在二次元,Love Paradise,奶奶,凯瑟琳,凹造型,那一首歌,New Generation,Mirror,那奇沃夫,美杜莎庄园,亚洲小子,雨夜惊魂,叫爸爸,返老还童,把闹钟关了,等你长大,人间普通指南,她和她和她,掌斗剑,我是我最后的目击者,Mom pray for me,Not my wrong,如果没有你2020,We gonna be alright,流浪,反路,你问我一年四季哪个最孤独,拖延症,Lonely lie,起舞的卡西莫多,鲁邦三世,新浪漫主义,那一天，我们互换了身体,一块胶布,Love Yours,Go psycho,坏哥哥,敌意,K.M.N,枕头里的梦,丁丁猫儿,二十年之后咯,三天可见,快马加鞭,Ring Ring,飞鸟,都是我,当他消失的那天,把我最爱的文字读给你听,奥利奥少年,在路上,Hometown,年少的你可曾想过,Harbour,Old mountain road,而立,有个霸王,与众不同,小兔子乖乖,倚老卖老,做个哑巴,Hey&nbsp;U,老刘,逃离这个星球,交代,拿起放下,猴子,Get The Power,Superfly Producer Life,规律人生,HALO！,山城男人,FIGHT！
2020/8/22,0,0,0,0,0,0,0,0,0,0,0,0,0,0,0,0,0,0,0,0,0,0,0,0,0,0,0,0,0,0,0,0,0,0,0,0,0,0,0,0,0,0,0,0,0,0,0,0,0,0,0,0,0,0,0,0,0,0,0,0,0,0,0,0,0,0,0,0,0,0,0,0,0,0,0,0,0,0,0,0,0,0,0,0,0,0,0,0,0,0,0,0,0,0,0,0,0,0,0,0,0,0,0
2020/8/23,0,0,0,0,0,0,0,0,0,0,0,0,0,0,2380,0,0,0,0,0,0,0,0,0,0,0,0,0,0,0,0,1952,0,0,0,0,0,0,0,0,0,1297,0,0,0,0,0,3312,0,0,0,0,0,0,0,0,0,0,0,0,0,0,0,0,0,0,0,0,865,0,0,0,0,0,0,0,0,0,0,1107,0,0,0,0,0,4223,0,0,1273,0,0,0,0,0,0,0,0,0,0,0,0,0,0
2020/8/24,0,0,0,0,0,0,0,0,0,0,0,0,0,0,4760,0,0,0,0,0,0,0,0,0,0,0,0,0,0,0,0,3904,0,0,0,0,0,0,0,0,0,2594,0,0,0,0,0,6624,0,0,0,0,0,0,0,0,0,0,0,0,0,0,0,0,0,0,0,0,1730,0,0,0,0,0,0,0,0,0,0,2214,0,0,0,0,0,8446,0,0,2546,0,0,0,0,0,0,0,0,0,0,0,0,0,0
2020/8/25,0,0,0,0,0,0,0,0,0,0,0,0,0,0,7140,0,0,0,0,0,0,0,0,0,0,0,0,0,0,0,0,5856,0,0,0,0,0,0,0,0,0,3891,0,0,0,0,0,9936,0,0,0,0,0,0,0,0,0,0,0,0,0,0,0,0,0,0,0,0,2595,0,0,0,0,0,0,0,0,0,0,3321,0,0,0,0,0,12669,0,0,3819,0,0,0,0,0,0,0,0,0,0,0,0,0,0
2020/8/26,0,0,0,0,0,0,0,0,0,0,0,0,0,0,9520,0,0,0,0,0,0,0,0,0,0,0,0,0,0,0,0,7808,0,0,0,0,0,0,0,0,0,5188,0,0,0,0,0,13248,0,0,0,0,0,0,0,0,0,0,0,0,0,0,0,0,0,0,0,0,3460,0,0,0,0,0,0,0,0,0,0,4428,0,0,0,0,0,16892,0,0,5092,0,0,0,0,0,0,0,0,0,0,0,0,0,0
2020/8/27,0,0,0,0,0,0,0,0,0,0,0,0,0,0,11900,0,0,0,0,0,0,0,0,0,0,0,0,0,0,0,0,9760,0,0,0,0,0,0,0,0,0,6485,0,0,0,0,0,16560,0,0,0,0,0,0,0,0,0,0,0,0,0,0,0,0,0,0,0,0,4325,0,0,0,0,0,0,0,0,0,0,5535,0,0,0,0,0,21115,0,0,6365,0,0,0,0,0,0,0,0,0,0,0,0,0,0
2020/8/28,0,0,0,0,0,0,0,0,0,0,0,0,0,0,14280,0,0,0,0,0,0,0,0,0,0,0,0,0,0,0,0,11712,0,0,0,0,0,0,0,0,0,7782,0,0,0,0,0,19872,0,0,0,0,0,0,0,0,0,0,0,0,0,0,0,0,0,0,0,0,5190,0,0,0,0,0,0,0,0,0,0,6642,0,0,0,0,0,25338,0,0,7638,0,0,0,0,0,0,0,0,0,0,0,0,0,0
2020/8/29,0,0,0,0,0,0,0,0,0,0,0,0,0,0,16660,0,0,0,0,0,0,1682,0,0,1431,0,0,0,0,0,1564,13664,0,0,0,0,0,0,0,0,0,9079,1494,0,0,0,0,23184,0,0,0,0,0,0,0,0,0,0,0,0,0,0,0,0,0,0,0,0,6055,0,0,0,0,0,0,0,0,0,0,7749,0,0,0,0,0,29561,0,0,8911,0,0,0,0,0,0,0,0,0,0,0,0,0,0
2020/8/30,0,0,0,0,0,0,0,0,0,0,0,0,0,0,19040,0,0,0,0,0,0,3364,0,0,2862,0,0,0,0,0,3128,15616,0,0,0,0,0,0,0,0,0,10376,2988,0,0,0,0,26496,0,0,0,0,0,0,0,0,0,0,0,0,0,0,0,0,0,0,0,0,6920,0,0,0,0,0,0,0,0,0,0,8856,0,0,0,0,0,33784,0,0,10184,0,0,0,0,0,0,0,0,0,0,0,0,0,0
2020/8/31,0,0,0,0,0,0,0,0,0,0,0,0,0,0,21420,0,0,0,0,0,0,5046,0,0,4293,0,0,0,0,0,4692,17568,0,0,0,0,0,0,0,0,0,11673,4482,0,0,0,0,29808,0,0,0,0,0,0,0,0,0,0,0,0,0,0,0,0,0,0,0,0,7785,0,0,0,0,0,0,0,0,0,0,9963,0,0,0,0,0,38007,0,0,11457,0,0,0,0,0,0,0,0,0,0,0,0,0,0
2020/9/1,0,0,0,0,0,0,0,0,0,0,0,0,0,0,23800,0,0,0,0,0,0,6728,0,0,5724,0,0,0,0,0,6256,19520,0,0,0,0,0,0,0,0,0,12970,5976,0,0,0,0,33120,0,0,0,0,0,0,0,0,0,0,0,0,0,0,0,0,0,0,0,0,8650,0,0,0,0,0,0,0,0,0,0,11070,0,0,0,0,0,42230,0,0,12730,0,0,0,0,0,0,0,0,0,0,0,0,0,0
2020/9/2,0,0,0,0,0,0,0,0,0,0,0,0,0,0,26180,0,0,0,0,0,0,8410,0,0,7155,0,0,0,0,0,7820,21472,0,0,0,0,0,0,0,0,0,14267,7470,0,0,0,0,36432,0,0,0,0,0,0,0,0,0,0,0,0,0,0,0,0,0,0,0,0,9515,0,0,0,0,0,0,0,0,0,0,12177,0,0,0,0,0,46453,0,0,14003,0,0,0,0,0,0,0,0,0,0,0,0,0,0
2020/9/3,0,0,0,0,0,0,0,0,0,0,0,0,0,0,28560,0,0,0,0,0,0,10092,0,0,8586,0,0,0,0,0,9384,23424,0,0,0,0,0,0,0,0,0,15564,8964,0,0,0,0,39744,0,0,0,0,0,0,0,0,0,0,0,0,0,0,0,0,0,0,0,0,10380,0,0,0,0,0,0,0,0,0,0,13284,0,0,0,0,0,50676,0,0,15276,0,0,0,0,0,0,0,0,0,0,0,0,0,0
2020/9/4,0,0,0,0,0,0,0,0,0,0,0,0,0,0,30940,0,0,0,0,0,0,11774,0,0,10017,0,0,0,0,0,10948,25376,0,0,0,0,0,0,0,0,0,16861,10458,0,0,0,0,43056,0,0,0,0,0,0,0,0,0,0,0,0,0,0,0,0,0,0,0,0,11245,0,0,0,0,0,0,0,0,0,0,14391,0,0,0,0,0,54899,0,0,16549,0,0,0,0,0,0,0,0,0,0,0,0,0,0
2020/9/5,0,0,0,0,0,0,0,0,0,0,0,0,0,0,33320,0,0,0,0,0,0,13456,0,0,11448,0,0,0,0,0,12512,27328,0,0,0,0,0,0,0,0,0,18158,11952,0,0,0,0,46368,0,0,0,0,0,0,0,0,0,0,0,0,0,0,0,0,0,0,0,0,12110,0,0,0,0,0,0,0,0,0,0,15498,0,0,0,0,0,59122,0,0,17822,0,0,0,0,0,0,0,0,0,0,0,0,0,0
2020/9/6,0,0,0,0,0,0,0,0,0,0,0,0,0,0,35700,0,0,0,0,0,0,15138,0,0,12879,0,0,0,0,0,14076,29280,0,0,0,0,0,0,0,0,0,19455,13446,0,0,0,0,49680,0,0,0,0,0,0,0,0,0,0,0,0,0,0,0,0,0,0,0,0,12975,0,0,0,0,0,0,0,0,0,0,16605,0,0,0,0,0,63345,0,0,19095,0,0,0,0,0,0,0,0,0,0,0,0,0,0
2020/9/7,0,0,0,0,0,0,0,0,0,0,0,0,0,0,38080,0,0,0,0,0,0,16820,0,0,14310,0,0,0,0,0,15640,31232,0,0,0,0,0,0,0,0,0,20752,14940,0,0,0,0,52992,0,0,0,0,0,0,0,0,0,0,0,0,0,0,0,0,0,0,0,0,13840,0,0,0,0,0,0,0,0,0,0,17712,0,0,0,0,0,67568,0,0,20368,0,0,0,0,0,0,0,0,0,0,0,0,0,0
2020/9/8,0,0,0,0,0,0,0,0,0,0,0,0,0,0,40460,0,0,0,0,0,0,18502,0,0,15741,0,0,0,0,0,17204,33184,0,0,0,0,0,0,0,0,0,22049,16434,0,0,0,0,56304,0,0,0,0,0,0,0,0,0,0,0,0,0,0,0,0,0,0,0,0,14705,0,0,0,0,0,0,0,0,0,0,18819,0,0,0,0,0,71791,0,0,21641,0,0,0,0,0,0,0,0,0,0,0,0,0,0
2020/9/9,0,0,0,0,0,0,0,0,0,0,0,0,0,0,42840,0,0,0,0,0,0,20184,0,0,17172,0,0,0,0,0,18768,35136,0,0,0,0,0,0,0,0,0,23346,17928,0,0,0,0,59616,0,0,0,0,0,0,0,0,0,0,0,0,0,0,0,0,0,0,0,0,15570,0,0,0,0,0,0,0,0,0,0,19926,0,0,0,0,0,76014,0,0,22914,0,0,0,0,0,0,0,0,0,0,0,0,0,0
2020/9/10,0,0,0,0,0,0,0,0,0,0,0,0,0,0,45220,0,0,0,0,0,0,21866,0,0,18603,0,0,0,0,0,20332,37088,0,0,0,0,0,0,0,0,0,24643,19422,0,0,0,0,62928,0,0,0,0,0,0,0,0,0,0,0,0,0,0,0,0,0,0,0,0,16435,0,0,0,0,0,0,0,0,0,0,21033,0,0,0,0,0,80237,0,0,24187,0,0,0,0,0,0,0,0,0,0,0,0,0,0
2020/9/11,0,0,0,0,0,0,0,0,0,0,0,0,0,0,47600,0,0,0,0,0,0,23548,0,0,20034,0,0,0,0,0,21896,39040,0,0,0,0,0,0,0,0,0,25940,20916,0,0,0,0,66240,0,0,0,0,0,0,0,0,0,0,0,0,0,0,0,0,0,0,0,0,17300,0,0,0,0,0,0,0,0,0,0,22140,0,0,0,0,0,84460,0,0,25460,0,0,0,0,0,0,0,0,0,0,0,0,0,0
2020/9/12,3989,0,0,0,0,0,0,0,3219,0,0,0,0,0,49980,0,0,0,0,0,0,25230,0,0,21465,0,0,0,0,0,23460,40992,0,0,0,0,0,0,0,0,0,27237,22410,0,0,0,1590,69552,0,0,0,0,1840,0,0,0,0,0,0,0,0,0,0,0,0,0,0,0,18165,0,0,0,0,0,0,2167,0,0,0,23247,0,0,0,0,0,88683,1430,0,26733,0,0,1151,0,0,0,0,0,0,0,0,0,0,0
2020/9/13,7978,0,0,0,0,0,0,0,6438,0,0,0,0,0,52360,0,0,0,0,0,0,26912,0,0,22896,0,0,0,0,0,25024,42944,0,0,0,0,0,0,0,0,0,28534,23904,0,0,0,3180,72864,0,0,0,0,3680,0,0,0,0,0,0,0,0,0,0,0,0,0,0,0,19030,0,0,0,0,0,0,4334,0,0,0,24354,0,0,0,0,0,92906,2860,0,28006,0,0,2302,0,0,0,0,0,0,0,0,0,0,0
2020/9/14,11967,0,0,0,0,0,0,0,9657,0,0,0,0,0,54740,0,0,0,0,0,0,28594,0,0,24327,0,0,0,0,0,26588,44896,0,0,0,0,0,0,0,0,0,29831,25398,0,0,0,4770,76176,0,0,0,0,5520,0,0,0,0,0,0,0,0,0,0,0,0,0,0,0,19895,0,0,0,0,0,0,6501,0,0,0,25461,0,0,0,0,0,97129,4290,0,29279,0,0,3453,0,0,0,0,0,0,0,0,0,0,0
2020/9/15,15956,0,0,0,0,0,0,0,12876,0,0,0,0,0,57120,0,0,0,0,0,0,30276,0,0,25758,0,0,0,0,0,28152,46848,0,0,0,0,0,0,0,0,0,31128,26892,0,0,0,6360,79488,0,0,0,0,7360,0,0,0,0,0,0,0,0,0,0,0,0,0,0,0,20760,0,0,0,0,0,0,8668,0,0,0,26568,0,0,0,0,0,101352,5720,0,30552,0,0,4604,0,0,0,0,0,0,0,0,0,0,0
2020/9/16,19945,0,0,0,0,0,0,0,16095,0,0,0,0,0,59500,0,0,0,0,0,0,31958,0,0,27189,0,0,0,0,0,29716,48800,0,0,0,0,0,0,0,0,0,32425,28386,0,0,0,7950,82800,0,0,0,0,9200,0,0,0,0,0,0,0,0,0,0,0,0,0,0,0,21625,0,0,0,0,0,0,10835,0,0,0,27675,0,0,0,0,0,105575,7150,0,31825,0,0,5755,0,0,0,0,0,0,0,0,0,0,0
2020/9/17,23934,0,0,0,0,0,0,0,19314,0,0,0,0,0,61880,0,0,0,0,0,0,33640,0,0,28620,0,0,0,0,0,31280,50752,0,0,0,0,0,0,0,0,0,33722,29880,0,0,0,9540,86112,0,0,0,0,11040,0,0,0,0,0,0,0,0,0,0,0,0,0,0,0,22490,0,0,0,0,0,0,13002,0,0,0,28782,0,0,0,0,0,109798,8580,0,33098,0,0,6906,0,0,0,0,0,0,0,0,0,0,0
2020/9/18,27923,0,0,0,0,0,0,0,22533,0,0,0,0,0,64260,0,0,0,0,0,0,35322,0,0,30051,0,0,0,0,0,32844,52704,0,0,0,0,0,0,0,0,0,35019,31374,0,0,0,11130,89424,0,0,0,0,12880,0,0,0,0,0,0,0,0,0,0,0,0,0,0,0,23355,0,0,0,0,0,0,15169,0,0,0,29889,0,0,0,0,0,114021,10010,0,34371,0,0,8057,0,0,0,0,0,0,0,0,0,0,0
2020/9/19,31912,0,0,0,0,0,0,2826,25752,0,0,0,1771,0,66640,0,0,0,0,0,0,37004,0,0,31482,0,0,0,0,0,34408,54656,0,0,1773,0,0,0,0,0,0,36316,32868,0,1202,0,12720,92736,0,0,0,0,14720,973,0,0,1078,0,0,1077,0,0,0,743,0,0,0,0,24220,0,0,0,0,0,0,17336,0,0,0,30996,0,0,0,0,0,118244,11440,0,35644,0,1259,9208,0,0,0,0,0,0,0,0,0,0,0
2020/9/20,35901,0,0,0,0,0,0,5652,28971,0,0,0,3542,0,69020,0,0,0,0,0,0,38686,0,0,32913,0,0,0,0,0,35972,56608,0,0,3546,0,0,0,0,0,0,37613,34362,0,2404,0,14310,96048,0,0,0,0,16560,1946,0,0,2156,0,0,2154,0,0,0,1486,0,0,0,0,25085,0,0,0,0,0,0,19503,0,0,0,32103,0,0,0,0,0,122467,12870,0,36917,0,2518,10359,0,0,0,0,0,0,0,0,0,0,0
2020/9/21,39890,0,0,0,0,0,0,8478,32190,0,0,0,5313,0,71400,0,0,0,0,0,0,40368,0,0,34344,0,0,0,0,0,37536,58560,0,0,5319,0,0,0,0,0,0,38910,35856,0,3606,0,15900,99360,0,0,0,0,18400,2919,0,0,3234,0,0,3231,0,0,0,2229,0,0,0,0,25950,0,0,0,0,0,0,21670,0,0,0,33210,0,0,0,0,0,126690,14300,0,38190,0,3777,11510,0,0,0,0,0,0,0,0,0,0,0
2020/9/22,43879,0,0,0,0,0,0,11304,35409,0,0,0,7084,0,73780,0,0,0,0,0,0,42050,0,0,35775,0,0,0,0,0,39100,60512,0,0,7092,0,0,0,0,0,0,40207,37350,0,4808,0,17490,102672,0,0,0,0,20240,3892,0,0,4312,0,0,4308,0,0,0,2972,0,0,0,0,26815,0,0,0,0,0,0,23837,0,0,0,34317,0,0,0,0,0,130913,15730,0,39463,0,5036,12661,0,0,0,0,0,0,0,0,0,0,0
2020/9/23,47868,0,0,0,0,0,0,14130,38628,0,0,0,8855,0,76160,0,0,0,0,0,0,43732,0,0,37206,0,0,0,0,0,40664,62464,0,0,8865,0,0,0,0,0,0,41504,38844,0,6010,0,19080,105984,0,0,0,0,22080,4865,0,0,5390,0,0,5385,0,0,0,3715,0,0,0,0,27680,0,0,0,0,0,0,26004,0,0,0,35424,0,0,0,0,0,135136,17160,0,40736,0,6295,13812,0,0,0,0,0,0,0,0,0,0,0
2020/9/24,51857,0,0,0,0,0,0,16956,41847,0,0,0,10626,0,78540,0,0,0,0,0,0,45414,0,0,38637,0,0,0,0,0,42228,64416,0,0,10638,0,0,0,0,0,0,42801,40338,0,7212,0,20670,109296,0,0,0,0,23920,5838,0,0,6468,0,0,6462,0,0,0,4458,0,0,0,0,28545,0,0,0,0,0,0,28171,0,0,0,36531,0,0,0,0,0,139359,18590,0,42009,0,7554,14963,0,0,0,0,0,0,0,0,0,0,0
2020/9/25,55846,0,0,0,0,0,0,19782,45066,0,0,0,12397,0,80920,0,0,0,0,0,0,47096,0,0,40068,0,0,0,0,0,43792,66368,0,0,12411,0,0,0,0,0,0,44098,41832,0,8414,0,22260,112608,0,0,0,0,25760,6811,0,0,7546,0,0,7539,0,0,0,5201,0,0,0,0,29410,0,0,0,0,0,0,30338,0,0,0,37638,0,0,0,0,0,143582,20020,0,43282,0,8813,16114,0,0,0,0,0,0,0,0,0,0,0
2020/9/26,59835,0,0,0,0,2399,0,22608,48285,0,0,0,14168,0,83300,0,0,1840,0,0,0,48778,2061,0,41499,1957,0,0,0,0,45356,68320,0,0,14184,1840,0,1353,0,0,0,45395,43326,0,9616,0,23850,115920,0,0,0,1483,27600,7784,0,1236,8624,1107,0,8616,0,0,0,5944,0,1220,1304,0,30275,0,0,0,0,0,0,32505,0,0,0,38745,0,0,0,0,1025,147805,21450,955,44555,0,10072,17265,0,0,0,0,565,0,0,0,0,0,0
2020/9/27,63824,0,0,0,0,4798,0,25434,51504,0,0,0,15939,0,85680,0,0,3680,0,0,0,50460,4122,0,42930,3914,0,0,0,0,46920,70272,0,0,15957,3680,0,2706,0,0,0,46692,44820,0,10818,0,25440,119232,0,0,0,2966,29440,8757,0,2472,9702,2214,0,9693,0,0,0,6687,0,2440,2608,0,31140,0,0,0,0,0,0,34672,0,0,0,39852,0,0,0,0,2050,152028,22880,1910,45828,0,11331,18416,0,0,0,0,1130,0,0,0,0,0,0
2020/9/28,67813,0,0,0,0,7197,0,28260,54723,0,0,0,17710,0,88060,0,0,5520,0,0,0,52142,6183,0,44361,5871,0,0,0,0,48484,72224,0,0,17730,5520,0,4059,0,0,0,47989,46314,0,12020,0,27030,122544,0,0,0,4449,31280,9730,0,3708,10780,3321,0,10770,0,0,0,7430,0,3660,3912,0,32005,0,0,0,0,0,0,36839,0,0,0,40959,0,0,0,0,3075,156251,24310,2865,47101,0,12590,19567,0,0,0,0,1695,0,0,0,0,0,0
2020/9/29,71802,0,0,0,0,9596,0,31086,57942,0,0,0,19481,0,90440,0,0,7360,0,0,0,53824,8244,0,45792,7828,0,0,0,0,50048,74176,0,0,19503,7360,0,5412,0,0,0,49286,47808,0,13222,0,28620,125856,0,0,0,5932,33120,10703,0,4944,11858,4428,0,11847,0,0,0,8173,0,4880,5216,0,32870,0,0,0,0,0,0,39006,0,0,0,42066,0,0,0,0,4100,160474,25740,3820,48374,0,13849,20718,0,0,0,0,2260,0,0,0,0,0,0
2020/9/30,75791,0,0,0,0,11995,0,33912,61161,0,0,0,21252,0,92820,0,0,9200,0,0,0,55506,10305,0,47223,9785,0,0,0,0,51612,76128,0,0,21276,9200,0,6765,0,0,0,50583,49302,0,14424,0,30210,129168,0,0,0,7415,34960,11676,0,6180,12936,5535,0,12924,0,0,0,8916,0,6100,6520,0,33735,0,0,0,0,0,0,41173,0,0,0,43173,0,0,0,0,5125,164697,27170,4775,49647,0,15108,21869,0,0,0,0,2825,0,0,0,0,0,0
2020/10/1,79780,0,0,0,0,14394,0,36738,64380,0,0,0,23023,0,95200,0,0,11040,0,0,0,57188,12366,0,48654,11742,0,0,0,0,53176,78080,0,0,23049,11040,0,8118,0,0,0,51880,50796,0,15626,0,31800,132480,0,0,0,8898,36800,12649,0,7416,14014,6642,0,14001,0,0,0,9659,0,7320,7824,0,34600,0,0,0,0,0,0,43340,0,0,0,44280,0,0,0,0,6150,168920,28600,5730,50920,0,16367,23020,0,0,0,0,3390,0,0,0,0,0,0
2020/10/2,83769,0,0,0,0,16793,0,39564,67599,0,0,0,24794,0,97580,0,0,12880,0,0,0,58870,14427,0,50085,13699,0,0,0,0,54740,80032,0,0,24822,12880,0,9471,0,0,0,53177,52290,0,16828,0,33390,135792,0,0,0,10381,38640,13622,0,8652,15092,7749,0,15078,0,0,0,10402,0,8540,9128,0,35465,0,0,0,0,0,0,45507,0,0,0,45387,0,0,0,0,7175,173143,30030,6685,52193,0,17626,24171,0,0,0,0,3955,0,0,0,0,0,0
2020/10/3,87758,0,0,0,0,19192,0,42390,70818,0,0,0,26565,0,99960,0,0,14720,1086,0,0,60552,16488,0,51516,15656,0,1100,0,0,56304,81984,0,1011,26595,14720,0,10824,0,0,0,54474,53784,0,18030,0,34980,139104,0,0,1531,11864,40480,14595,0,9888,16170,8856,0,16155,1053,0,0,11145,0,9760,10432,1091,36330,0,907,742,0,0,0,47674,0,0,0,46494,0,737,0,1388,8200,177366,31460,7640,53466,0,18885,25322,1051,0,0,0,4520,0,0,0,0,547,0
2020/10/4,91747,0,0,0,0,21591,0,45216,74037,0,0,0,28336,0,102340,0,0,16560,2172,0,0,62234,18549,0,52947,17613,0,2200,0,0,57868,83936,0,2022,28368,16560,0,12177,0,0,0,55771,55278,0,19232,0,36570,142416,0,0,3062,13347,42320,15568,0,11124,17248,9963,0,17232,2106,0,0,11888,0,10980,11736,2182,37195,0,1814,1484,0,0,0,49841,0,0,0,47601,0,1474,0,2776,9225,181589,32890,8595,54739,0,20144,26473,2102,0,0,0,5085,0,0,0,0,1094,0
2020/10/5,95736,0,0,0,0,23990,0,48042,77256,0,0,0,30107,0,104720,0,0,18400,3258,0,0,63916,20610,0,54378,19570,0,3300,0,0,59432,85888,0,3033,30141,18400,0,13530,0,0,0,57068,56772,0,20434,0,38160,145728,0,0,4593,14830,44160,16541,0,12360,18326,11070,0,18309,3159,0,0,12631,0,12200,13040,3273,38060,0,2721,2226,0,0,0,52008,0,0,0,48708,0,2211,0,4164,10250,185812,34320,9550,56012,0,21403,27624,3153,0,0,0,5650,0,0,0,0,1641,0
2020/10/6,99725,0,0,0,0,26389,0,50868,80475,0,0,0,31878,0,107100,0,0,20240,4344,0,0,65598,22671,0,55809,21527,0,4400,0,0,60996,87840,0,4044,31914,20240,0,14883,0,0,0,58365,58266,0,21636,0,39750,149040,0,0,6124,16313,46000,17514,0,13596,19404,12177,0,19386,4212,0,0,13374,0,13420,14344,4364,38925,0,3628,2968,0,0,0,54175,0,0,0,49815,0,2948,0,5552,11275,190035,35750,10505,57285,0,22662,28775,4204,0,0,0,6215,0,0,0,0,2188,0
2020/10/7,103714,0,0,0,0,28788,0,53694,83694,0,0,0,33649,0,109480,0,0,22080,5430,0,0,67280,24732,0,57240,23484,0,5500,0,0,62560,89792,0,5055,33687,22080,0,16236,0,0,0,59662,59760,0,22838,0,41340,152352,0,0,7655,17796,47840,18487,0,14832,20482,13284,0,20463,5265,0,0,14117,0,14640,15648,5455,39790,0,4535,3710,0,0,0,56342,0,0,0,50922,0,3685,0,6940,12300,194258,37180,11460,58558,0,23921,29926,5255,0,0,0,6780,0,0,0,0,2735,0
2020/10/8,107703,0,0,0,0,31187,0,56520,86913,0,0,0,35420,0,111860,0,0,23920,6516,0,0,68962,26793,0,58671,25441,0,6600,0,0,64124,91744,0,6066,35460,23920,0,17589,0,0,0,60959,61254,0,24040,0,42930,155664,0,0,9186,19279,49680,19460,0,16068,21560,14391,0,21540,6318,0,0,14860,0,15860,16952,6546,40655,0,5442,4452,0,0,0,58509,0,0,0,52029,0,4422,0,8328,13325,198481,38610,12415,59831,0,25180,31077,6306,0,0,0,7345,0,0,0,0,3282,0
2020/10/9,111692,0,0,0,0,33586,0,59346,90132,0,0,0,37191,0,114240,0,0,25760,7602,0,0,70644,28854,0,60102,27398,0,7700,0,0,65688,93696,0,7077,37233,25760,0,18942,0,0,0,62256,62748,0,25242,0,44520,158976,0,0,10717,20762,51520,20433,0,17304,22638,15498,0,22617,7371,0,0,15603,0,17080,18256,7637,41520,0,6349,5194,0,0,0,60676,0,0,0,53136,0,5159,0,9716,14350,202704,40040,13370,61104,0,26439,32228,7357,0,0,0,7910,0,0,0,0,3829,0
2020/10/10,115681,0,0,0,4499,35985,0,62172,93351,0,0,0,38962,0,116620,0,0,27600,8688,974,0,72326,30915,0,61533,29355,0,8800,0,0,67252,95648,0,8088,39006,27600,0,20295,0,0,0,63553,64242,0,26444,0,46110,162288,1787,0,12248,22245,53360,21406,0,18540,23716,16605,783,23694,8424,0,0,16346,0,18300,19560,8728,42385,0,7256,5936,0,0,0,62843,0,0,0,54243,0,5896,0,11104,15375,206927,41470,14325,62377,0,27698,33379,8408,613,0,0,8475,577,0,0,562,4376,0
2020/10/11,119670,0,0,0,8998,38384,0,64998,96570,0,0,0,40733,0,119000,0,0,29440,9774,1948,0,74008,32976,0,62964,31312,0,9900,0,0,68816,97600,0,9099,40779,29440,0,21648,0,0,0,64850,65736,0,27646,0,47700,165600,3574,0,13779,23728,55200,22379,0,19776,24794,17712,1566,24771,9477,0,0,17089,0,19520,20864,9819,43250,0,8163,6678,0,0,0,65010,0,0,0,55350,0,6633,0,12492,16400,211150,42900,15280,63650,0,28957,34530,9459,1226,0,0,9040,1154,0,0,1124,4923,0
2020/10/12,123659,0,0,0,13497,40783,0,67824,99789,0,0,0,42504,0,121380,0,0,31280,10860,2922,0,75690,35037,0,64395,33269,0,11000,0,0,70380,99552,0,10110,42552,31280,0,23001,0,0,0,66147,67230,0,28848,0,49290,168912,5361,0,15310,25211,57040,23352,0,21012,25872,18819,2349,25848,10530,0,0,17832,0,20740,22168,10910,44115,0,9070,7420,0,0,0,67177,0,0,0,56457,0,7370,0,13880,17425,215373,44330,16235,64923,0,30216,35681,10510,1839,0,0,9605,1731,0,0,1686,5470,0
2020/10/13,127648,0,0,0,17996,43182,0,70650,103008,0,0,0,44275,0,123760,0,0,33120,11946,3896,0,77372,37098,0,65826,35226,0,12100,0,0,71944,101504,0,11121,44325,33120,0,24354,0,0,0,67444,68724,0,30050,0,50880,172224,7148,0,16841,26694,58880,24325,0,22248,26950,19926,3132,26925,11583,0,0,18575,0,21960,23472,12001,44980,0,9977,8162,0,0,0,69344,0,0,0,57564,0,8107,0,15268,18450,219596,45760,17190,66196,0,31475,36832,11561,2452,0,0,10170,2308,0,0,2248,6017,0
2020/10/14,131637,0,0,0,22495,45581,0,73476,106227,0,0,0,46046,0,126140,0,0,34960,13032,4870,0,79054,39159,0,67257,37183,0,13200,0,0,73508,103456,0,12132,46098,34960,0,25707,0,0,0,68741,70218,0,31252,0,52470,175536,8935,0,18372,28177,60720,25298,0,23484,28028,21033,3915,28002,12636,0,0,19318,0,23180,24776,13092,45845,0,10884,8904,0,0,0,71511,0,0,0,58671,0,8844,0,16656,19475,223819,47190,18145,67469,0,32734,37983,12612,3065,0,0,10735,2885,0,0,2810,6564,0
2020/10/15,135626,0,0,0,26994,47980,0,76302,109446,0,0,0,47817,0,128520,0,0,36800,14118,5844,0,80736,41220,0,68688,39140,0,14300,0,0,75072,105408,0,13143,47871,36800,0,27060,0,0,0,70038,71712,0,32454,0,54060,178848,10722,0,19903,29660,62560,26271,0,24720,29106,22140,4698,29079,13689,0,0,20061,0,24400,26080,14183,46710,0,11791,9646,0,0,0,73678,0,0,0,59778,0,9581,0,18044,20500,228042,48620,19100,68742,0,33993,39134,13663,3678,0,0,11300,3462,0,0,3372,7111,0
2020/10/16,139615,0,0,0,31493,50379,0,79128,112665,0,0,0,49588,0,130900,0,0,38640,15204,6818,0,82418,43281,0,70119,41097,0,15400,0,0,76636,107360,0,14154,49644,38640,0,28413,0,0,0,71335,73206,0,33656,0,55650,182160,12509,0,21434,31143,64400,27244,0,25956,30184,23247,5481,30156,14742,0,0,20804,0,25620,27384,15274,47575,0,12698,10388,0,0,0,75845,0,0,0,60885,0,10318,0,19432,21525,232265,50050,20055,70015,0,35252,40285,14714,4291,0,0,11865,4039,0,0,3934,7658,0
2020/10/17,143604,0,0,0,35992,52778,0,81954,115884,0,0,0,51359,0,133280,0,0,40480,16290,7792,0,84100,45342,0,71550,43054,0,16500,0,0,78200,109312,0,15165,51417,40480,0,29766,0,0,0,72632,74700,0,34858,0,57240,185472,14296,0,22965,32626,66240,28217,0,27192,31262,24354,6264,31233,15795,0,0,21547,0,26840,28688,16365,48440,0,13605,11130,0,0,0,78012,0,877,0,61992,0,11055,0,20820,22550,236488,51480,21010,71288,0,36511,41436,15765,4904,0,0,12430,4616,0,0,4496,8205,0
2020/10/18,147593,0,0,0,40491,55177,0,84780,119103,0,0,0,53130,0,135660,0,0,42320,17376,8766,0,85782,47403,0,72981,45011,0,17600,0,0,79764,111264,0,16176,53190,42320,0,31119,0,0,0,73929,76194,0,36060,0,58830,188784,16083,0,24496,34109,68080,29190,0,28428,32340,25461,7047,32310,16848,0,0,22290,0,28060,29992,17456,49305,0,14512,11872,0,0,0,80179,0,1754,0,63099,0,11792,0,22208,23575,240711,52910,21965,72561,0,37770,42587,16816,5517,0,0,12995,5193,0,0,5058,8752,0
2020/10/19,151582,0,0,0,44990,57576,0,87606,122322,0,0,0,54901,0,138040,0,0,44160,18462,9740,0,87464,49464,0,74412,46968,0,18700,0,0,81328,113216,0,17187,54963,44160,0,32472,0,0,0,75226,77688,0,37262,0,60420,192096,17870,0,26027,35592,69920,30163,0,29664,33418,26568,7830,33387,17901,0,0,23033,0,29280,31296,18547,50170,0,15419,12614,0,0,0,82346,0,2631,0,64206,0,12529,0,23596,24600,244934,54340,22920,73834,0,39029,43738,17867,6130,0,0,13560,5770,0,0,5620,9299,0
2020/10/20,155571,0,0,0,49489,59975,0,90432,125541,0,0,0,56672,0,140420,0,0,46000,19548,10714,0,89146,51525,0,75843,48925,0,19800,0,0,82892,115168,0,18198,56736,46000,0,33825,0,0,0,76523,79182,0,38464,0,62010,195408,19657,0,27558,37075,71760,31136,0,30900,34496,27675,8613,34464,18954,0,0,23776,0,30500,32600,19638,51035,0,16326,13356,0,0,0,84513,0,3508,0,65313,0,13266,0,24984,25625,249157,55770,23875,75107,0,40288,44889,18918,6743,0,0,14125,6347,0,0,6182,9846,0
2020/10/21,159560,0,0,0,53988,62374,0,93258,128760,0,0,0,58443,0,142800,0,0,47840,20634,11688,0,90828,53586,0,77274,50882,0,20900,0,0,84456,117120,0,19209,58509,47840,0,35178,0,0,0,77820,80676,0,39666,0,63600,198720,21444,0,29089,38558,73600,32109,0,32136,35574,28782,9396,35541,20007,0,0,24519,0,31720,33904,20729,51900,0,17233,14098,0,0,0,86680,0,4385,0,66420,0,14003,0,26372,26650,253380,57200,24830,76380,0,41547,46040,19969,7356,0,0,14690,6924,0,0,6744,10393,0
2020/10/22,163549,0,0,0,58487,64773,0,96084,131979,0,0,0,60214,0,145180,0,0,49680,21720,12662,0,92510,55647,0,78705,52839,0,22000,0,0,86020,119072,0,20220,60282,49680,0,36531,0,0,0,79117,82170,0,40868,0,65190,202032,23231,0,30620,40041,75440,33082,0,33372,36652,29889,10179,36618,21060,0,0,25262,0,32940,35208,21820,52765,0,18140,14840,0,0,0,88847,0,5262,0,67527,0,14740,0,27760,27675,257603,58630,25785,77653,0,42806,47191,21020,7969,0,0,15255,7501,0,0,7306,10940,0
2020/10/23,167538,0,0,0,62986,67172,0,98910,135198,0,0,0,61985,0,147560,0,0,51520,22806,13636,0,94192,57708,0,80136,54796,0,23100,0,0,87584,121024,0,21231,62055,51520,0,37884,0,0,0,80414,83664,0,42070,0,66780,205344,25018,0,32151,41524,77280,34055,0,34608,37730,30996,10962,37695,22113,0,0,26005,0,34160,36512,22911,53630,0,19047,15582,0,0,0,91014,0,6139,0,68634,0,15477,0,29148,28700,261826,60060,26740,78926,0,44065,48342,22071,8582,0,0,15820,8078,0,0,7868,11487,0
2020/10/24,171527,0,0,4795,67485,69571,0,101736,138417,2364,0,0,63756,885,149940,0,0,53360,23892,14610,0,95874,59769,885,81567,56753,1222,24200,0,0,89148,122976,0,22242,63828,53360,0,39237,1721,0,635,81711,85158,0,43272,687,68370,208656,26805,1242,33682,43007,79120,35028,0,35844,38808,32103,11745,38772,23166,0,0,26748,967,35380,37816,24002,54495,0,19954,16324,681,1087,0,93181,0,7016,0,69741,848,16214,1199,30536,29725,266049,61490,27695,80199,1079,45324,49493,23122,9195,574,0,16385,8655,557,542,8430,12034,0
2020/10/25,175516,0,0,9590,71984,71970,0,104562,141636,4728,0,0,65527,1770,152320,0,0,55200,24978,15584,0,97556,61830,1770,82998,58710,2444,25300,0,0,90712,124928,0,23253,65601,55200,0,40590,3442,0,1270,83008,86652,0,44474,1374,69960,211968,28592,2484,35213,44490,80960,36001,0,37080,39886,33210,12528,39849,24219,0,0,27491,1934,36600,39120,25093,55360,0,20861,17066,1362,2174,0,95348,0,7893,0,70848,1696,16951,2398,31924,30750,270272,62920,28650,81472,2158,46583,50644,24173,9808,1148,0,16950,9232,1114,1084,8992,12581,0
2020/10/26,179505,0,0,14385,76483,74369,0,107388,144855,7092,0,0,67298,2655,154700,0,0,57040,26064,16558,0,99238,63891,2655,84429,60667,3666,26400,0,0,92276,126880,0,24264,67374,57040,0,41943,5163,0,1905,84305,88146,0,45676,2061,71550,215280,30379,3726,36744,45973,82800,36974,0,38316,40964,34317,13311,40926,25272,0,0,28234,2901,37820,40424,26184,56225,0,21768,17808,2043,3261,0,97515,0,8770,0,71955,2544,17688,3597,33312,31775,274495,64350,29605,82745,3237,47842,51795,25224,10421,1722,0,17515,9809,1671,1626,9554,13128,0
2020/10/27,183494,0,0,19180,80982,76768,0,110214,148074,9456,0,0,69069,3540,157080,0,0,58880,27150,17532,0,100920,65952,3540,85860,62624,4888,27500,0,0,93840,128832,0,25275,69147,58880,0,43296,6884,0,2540,85602,89640,0,46878,2748,73140,218592,32166,4968,38275,47456,84640,37947,0,39552,42042,35424,14094,42003,26325,0,0,28977,3868,39040,41728,27275,57090,0,22675,18550,2724,4348,0,99682,0,9647,0,73062,3392,18425,4796,34700,32800,278718,65780,30560,84018,4316,49101,52946,26275,11034,2296,0,18080,10386,2228,2168,10116,13675,0
2020/10/28,187483,0,0,23975,85481,79167,0,113040,151293,11820,0,0,70840,4425,159460,0,0,60720,28236,18506,0,102602,68013,4425,87291,64581,6110,28600,0,0,95404,130784,0,26286,70920,60720,0,44649,8605,0,3175,86899,91134,0,48080,3435,74730,221904,33953,6210,39806,48939,86480,38920,0,40788,43120,36531,14877,43080,27378,0,0,29720,4835,40260,43032,28366,57955,0,23582,19292,3405,5435,0,101849,0,10524,0,74169,4240,19162,5995,36088,33825,282941,67210,31515,85291,5395,50360,54097,27326,11647,2870,0,18645,10963,2785,2710,10678,14222,0
2020/10/29,191472,0,0,28770,89980,81566,0,115866,154512,14184,0,0,72611,5310,161840,0,0,62560,29322,19480,0,104284,70074,5310,88722,66538,7332,29700,0,0,96968,132736,0,27297,72693,62560,0,46002,10326,0,3810,88196,92628,0,49282,4122,76320,225216,35740,7452,41337,50422,88320,39893,0,42024,44198,37638,15660,44157,28431,0,0,30463,5802,41480,44336,29457,58820,0,24489,20034,4086,6522,0,104016,0,11401,0,75276,5088,19899,7194,37476,34850,287164,68640,32470,86564,6474,51619,55248,28377,12260,3444,0,19210,11540,3342,3252,11240,14769,0
2020/10/30,195461,0,0,33565,94479,83965,0,118692,157731,16548,0,0,74382,6195,164220,0,0,64400,30408,20454,0,105966,72135,6195,90153,68495,8554,30800,0,0,98532,134688,0,28308,74466,64400,0,47355,12047,0,4445,89493,94122,0,50484,4809,77910,228528,37527,8694,42868,51905,90160,40866,0,43260,45276,38745,16443,45234,29484,0,0,31206,6769,42700,45640,30548,59685,0,25396,20776,4767,7609,0,106183,0,12278,0,76383,5936,20636,8393,38864,35875,291387,70070,33425,87837,7553,52878,56399,29428,12873,4018,0,19775,12117,3899,3794,11802,15316,0
2020/10/31,199450,0,0,38360,98978,86364,1755,121518,160950,18912,1667,0,76153,7080,166600,1401,0,66240,31494,21428,0,107648,74196,7080,91584,70452,9776,31900,0,0,100096,136640,0,29319,76239,66240,0,48708,13768,0,5080,90790,95616,0,51686,5496,79500,231840,39314,9936,44399,53388,92000,41839,1035,44496,46354,39852,17226,46311,30537,0,699,31949,7736,43920,46944,31639,60550,0,26303,21518,5448,8696,1191,108350,0,13155,0,77490,6784,21373,9592,40252,36900,295610,71500,34380,89110,8632,54137,57550,30479,13486,4592,593,20340,12694,4456,4336,12364,15863,500
2020/11/1,203439,2291,2578,43155,103477,88763,3510,124344,164169,21276,3334,2450,77924,7965,168980,2802,1192,68080,32580,22402,1397,109330,76257,7965,93015,72409,10998,33000,1192,1012,101660,138592,679,30330,78012,68080,1305,50061,15489,1591,5715,92087,97110,1153,52888,6183,81090,235152,41101,11178,45930,54871,93840,42812,2070,45732,47432,40959,18009,47388,31590,801,1398,32692,8703,45140,48248,32730,61415,726,27210,22260,6129,9783,2382,110517,818,14032,775,78597,7632,22110,10791,41640,37925,299833,72930,35335,90383,9711,55396,58701,31530,14099,5166,1186,20905,13271,5013,4878,12926,16410,1000
2020/11/2,207428,4582,5156,47950,107976,91162,5265,127170,167388,23640,5001,4900,79695,8850,171360,4203,2384,69920,33666,23376,2794,111012,78318,8850,94446,74366,12220,34100,2384,2024,103224,140544,1358,31341,79785,69920,2610,51414,17210,3182,6350,93384,98604,2306,54090,6870,82680,238464,42888,12420,47461,56354,95680,43785,3105,46968,48510,42066,18792,48465,32643,1602,2097,33435,9670,46360,49552,33821,62280,1452,28117,23002,6810,10870,3573,112684,1636,14909,1550,79704,8480,22847,11990,43028,38950,304056,74360,36290,91656,10790,56655,59852,32581,14712,5740,1779,21470,13848,5570,5420,13488,16957,1500
2020/11/3,211417,6873,7734,52745,112475,93561,7020,129996,170607,26004,6668,7350,81466,9735,173740,5604,3576,71760,34752,24350,4191,112694,80379,9735,95877,76323,13442,35200,3576,3036,104788,142496,2037,32352,81558,71760,3915,52767,18931,4773,6985,94681,100098,3459,55292,7557,84270,241776,44675,13662,48992,57837,97520,44758,4140,48204,49588,43173,19575,49542,33696,2403,2796,34178,10637,47580,50856,34912,63145,2178,29024,23744,7491,11957,4764,114851,2454,15786,2325,80811,9328,23584,13189,44416,39975,308279,75790,37245,92929,11869,57914,61003,33632,15325,6314,2372,22035,14425,6127,5962,14050,17504,2000
2020/11/4,215406,9164,10312,57540,116974,95960,8775,132822,173826,28368,8335,9800,83237,10620,176120,7005,4768,73600,35838,25324,5588,114376,82440,10620,97308,78280,14664,36300,4768,4048,106352,144448,2716,33363,83331,73600,5220,54120,20652,6364,7620,95978,101592,4612,56494,8244,85860,245088,46462,14904,50523,59320,99360,45731,5175,49440,50666,44280,20358,50619,34749,3204,3495,34921,11604,48800,52160,36003,64010,2904,29931,24486,8172,13044,5955,117018,3272,16663,3100,81918,10176,24321,14388,45804,41000,312502,77220,38200,94202,12948,59173,62154,34683,15938,6888,2965,22600,15002,6684,6504,14612,18051,2500
2020/11/5,219395,11455,12890,62335,121473,98359,10530,135648,177045,30732,10002,12250,85008,11505,178500,8406,5960,75440,36924,26298,6985,116058,84501,11505,98739,80237,15886,37400,5960,5060,107916,146400,3395,34374,85104,75440,6525,55473,22373,7955,8255,97275,103086,5765,57696,8931,87450,248400,48249,16146,52054,60803,101200,46704,6210,50676,51744,45387,21141,51696,35802,4005,4194,35664,12571,50020,53464,37094,64875,3630,30838,25228,8853,14131,7146,119185,4090,17540,3875,83025,11024,25058,15587,47192,42025,316725,78650,39155,95475,14027,60432,63305,35734,16551,7462,3558,23165,15579,7241,7046,15174,18598,3000
2020/11/6,223384,13746,15468,67130,125972,100758,12285,138474,180264,33096,11669,14700,86779,12390,180880,9807,7152,77280,38010,27272,8382,117740,86562,12390,100170,82194,17108,38500,7152,6072,109480,148352,4074,35385,86877,77280,7830,56826,24094,9546,8890,98572,104580,6918,58898,9618,89040,251712,50036,17388,53585,62286,103040,47677,7245,51912,52822,46494,21924,52773,36855,4806,4893,36407,13538,51240,54768,38185,65740,4356,31745,25970,9534,15218,8337,121352,4908,18417,4650,84132,11872,25795,16786,48580,43050,320948,80080,40110,96748,15106,61691,64456,36785,17164,8036,4151,23730,16156,7798,7588,15736,19145,3500
2020/11/7,227373,16037,18046,71925,130471,103157,14040,141300,183483,35460,13336,17150,88550,13275,183260,11208,8344,79120,39096,28246,9779,119422,88623,13275,101601,84151,18330,39600,8344,7084,111044,150304,4753,36396,88650,79120,9135,58179,25815,11137,9525,99869,106074,8071,60100,10305,90630,255024,51823,18630,55116,63769,104880,48650,8280,53148,53900,47601,22707,53850,37908,5607,5592,37150,14505,52460,56072,39276,66605,5082,32652,26712,10215,16305,9528,123519,5726,19294,5425,85239,12720,26532,17985,49968,44075,325171,81510,41065,98021,16185,62950,65607,37836,17777,8610,4744,24295,16733,8355,8130,16298,19692,4000
2020/11/8,231362,18328,20624,76720,134970,105556,15795,144126,186702,37824,15003,19600,90321,14160,185640,12609,9536,80960,40182,29220,11176,121104,90684,14160,103032,86108,19552,40700,9536,8096,112608,152256,5432,37407,90423,80960,10440,59532,27536,12728,10160,101166,107568,9224,61302,10992,92220,258336,53610,19872,56647,65252,106720,49623,9315,54384,54978,48708,23490,54927,38961,6408,6291,37893,15472,53680,57376,40367,67470,5808,33559,27454,10896,17392,10719,125686,6544,20171,6200,86346,13568,27269,19184,51356,45100,329394,82940,42020,99294,17264,64209,66758,38887,18390,9184,5337,24860,17310,8912,8672,16860,20239,4500
2020/11/9,235351,20619,23202,81515,139469,107955,17550,146952,189921,40188,16670,22050,92092,15045,188020,14010,10728,82800,41268,30194,12573,122786,92745,15045,104463,88065,20774,41800,10728,9108,114172,154208,6111,38418,92196,82800,11745,60885,29257,14319,10795,102463,109062,10377,62504,11679,93810,261648,55397,21114,58178,66735,108560,50596,10350,55620,56056,49815,24273,56004,40014,7209,6990,38636,16439,54900,58680,41458,68335,6534,34466,28196,11577,18479,11910,127853,7362,21048,6975,87453,14416,28006,20383,52744,46125,333617,84370,42975,100567,18343,65468,67909,39938,19003,9758,5930,25425,17887,9469,9214,17422,20786,5000
2020/11/10,239340,22910,25780,86310,143968,110354,19305,149778,193140,42552,18337,24500,93863,15930,190400,15411,11920,84640,42354,31168,13970,124468,94806,15930,105894,90022,21996,42900,11920,10120,115736,156160,6790,39429,93969,84640,13050,62238,30978,15910,11430,103760,110556,11530,63706,12366,95400,264960,57184,22356,59709,68218,110400,51569,11385,56856,57134,50922,25056,57081,41067,8010,7689,39379,17406,56120,59984,42549,69200,7260,35373,28938,12258,19566,13101,130020,8180,21925,7750,88560,15264,28743,21582,54132,47150,337840,85800,43930,101840,19422,66727,69060,40989,19616,10332,6523,25990,18464,10026,9756,17984,21333,5500
2020/11/11,243329,25201,28358,91105,148467,112753,21060,152604,196359,44916,20004,26950,95634,16815,192780,16812,13112,86480,43440,32142,15367,126150,96867,16815,107325,91979,23218,44000,13112,11132,117300,158112,7469,40440,95742,86480,14355,63591,32699,17501,12065,105057,112050,12683,64908,13053,96990,268272,58971,23598,61240,69701,112240,52542,12420,58092,58212,52029,25839,58158,42120,8811,8388,40122,18373,57340,61288,43640,70065,7986,36280,29680,12939,20653,14292,132187,8998,22802,8525,89667,16112,29480,22781,55520,48175,342063,87230,44885,103113,20501,67986,70211,42040,20229,10906,7116,26555,19041,10583,10298,18546,21880,6000
2020/11/12,247318,27492,30936,95900,152966,115152,22815,155430,199578,47280,21671,29400,97405,17700,195160,18213,14304,88320,44526,33116,16764,127832,98928,17700,108756,93936,24440,45100,14304,12144,118864,160064,8148,41451,97515,88320,15660,64944,34420,19092,12700,106354,113544,13836,66110,13740,98580,271584,60758,24840,62771,71184,114080,53515,13455,59328,59290,53136,26622,59235,43173,9612,9087,40865,19340,58560,62592,44731,70930,8712,37187,30422,13620,21740,15483,134354,9816,23679,9300,90774,16960,30217,23980,56908,49200,346286,88660,45840,104386,21580,69245,71362,43091,20842,11480,7709,27120,19618,11140,10840,19108,22427,6500
2020/11/13,251307,29783,33514,100695,157465,117551,24570,158256,202797,49644,23338,31850,99176,18585,197540,19614,15496,90160,45612,34090,18161,129514,100989,18585,110187,95893,25662,46200,15496,13156,120428,162016,8827,42462,99288,90160,16965,66297,36141,20683,13335,107651,115038,14989,67312,14427,100170,274896,62545,26082,64302,72667,115920,54488,14490,60564,60368,54243,27405,60312,44226,10413,9786,41608,20307,59780,63896,45822,71795,9438,38094,31164,14301,22827,16674,136521,10634,24556,10075,91881,17808,30954,25179,58296,50225,350509,90090,46795,105659,22659,70504,72513,44142,21455,12054,8302,27685,20195,11697,11382,19670,22974,7000
2020/11/14,255296,32074,36092,105490,161964,119950,26325,161082,206016,52008,25005,34300,100947,19470,199920,21015,16688,92000,46698,35064,19558,131196,103050,19470,111618,97850,26884,47300,16688,14168,121992,163968,9506,43473,101061,92000,18270,67650,37862,22274,13970,108948,116532,16142,68514,15114,101760,278208,64332,27324,65833,74150,117760,55461,15525,61800,61446,55350,28188,61389,45279,11214,10485,42351,21274,61000,65200,46913,72660,10164,39001,31906,14982,23914,17865,138688,11452,25433,10850,92988,18656,31691,26378,59684,51250,354732,91520,47750,106932,23738,71763,73664,45193,22068,12628,8895,28250,20772,12254,11924,20232,23521,7500
2020/11/15,259285,34365,38670,110285,166463,122349,28080,163908,209235,54372,26672,36750,102718,20355,202300,22416,17880,93840,47784,36038,20955,132878,105111,20355,113049,99807,28106,48400,17880,15180,123556,165920,10185,44484,102834,93840,19575,69003,39583,23865,14605,110245,118026,17295,69716,15801,103350,281520,66119,28566,67364,75633,119600,56434,16560,63036,62524,56457,28971,62466,46332,12015,11184,43094,22241,62220,66504,48004,73525,10890,39908,32648,15663,25001,19056,140855,12270,26310,11625,94095,19504,32428,27577,61072,52275,358955,92950,48705,108205,24817,73022,74815,46244,22681,13202,9488,28815,21349,12811,12466,20794,24068,8000
2020/11/16,263274,36656,41248,115080,170962,124748,29835,166734,212454,56736,28339,39200,104489,21240,204680,23817,19072,95680,48870,37012,22352,134560,107172,21240,114480,101764,29328,49500,19072,16192,125120,167872,10864,45495,104607,95680,20880,70356,41304,25456,15240,111542,119520,18448,70918,16488,104940,284832,67906,29808,68895,77116,121440,57407,17595,64272,63602,57564,29754,63543,47385,12816,11883,43837,23208,63440,67808,49095,74390,11616,40815,33390,16344,26088,20247,143022,13088,27187,12400,95202,20352,33165,28776,62460,53300,363178,94380,49660,109478,25896,74281,75966,47295,23294,13776,10081,29380,21926,13368,13008,21356,24615,8500
2020/11/17,267263,38947,43826,119875,175461,127147,31590,169560,215673,59100,30006,41650,106260,22125,207060,25218,20264,97520,49956,37986,23749,136242,109233,22125,115911,103721,30550,50600,20264,17204,126684,169824,11543,46506,106380,97520,22185,71709,43025,27047,15875,112839,121014,19601,72120,17175,106530,288144,69693,31050,70426,78599,123280,58380,18630,65508,64680,58671,30537,64620,48438,13617,12582,44580,24175,64660,69112,50186,75255,12342,41722,34132,17025,27175,21438,145189,13906,28064,13175,96309,21200,33902,29975,63848,54325,367401,95810,50615,110751,26975,75540,77117,48346,23907,14350,10674,29945,22503,13925,13550,21918,25162,9000
2020/11/18,271252,41238,46404,124670,179960,129546,33345,172386,218892,61464,31673,44100,108031,23010,209440,26619,21456,99360,51042,38960,25146,137924,111294,23010,117342,105678,31772,51700,21456,18216,128248,171776,12222,47517,108153,99360,23490,73062,44746,28638,16510,114136,122508,20754,73322,17862,108120,291456,71480,32292,71957,80082,125120,59353,19665,66744,65758,59778,31320,65697,49491,14418,13281,45323,25142,65880,70416,51277,76120,13068,42629,34874,17706,28262,22629,147356,14724,28941,13950,97416,22048,34639,31174,65236,55350,371624,97240,51570,112024,28054,76799,78268,49397,24520,14924,11267,30510,23080,14482,14092,22480,25709,9500
2020/11/19,275241,43529,48982,129465,184459,131945,35100,175212,222111,63828,33340,46550,109802,23895,211820,28020,22648,101200,52128,39934,26543,139606,113355,23895,118773,107635,32994,52800,22648,19228,129812,173728,12901,48528,109926,101200,24795,74415,46467,30229,17145,115433,124002,21907,74524,18549,109710,294768,73267,33534,73488,81565,126960,60326,20700,67980,66836,60885,32103,66774,50544,15219,13980,46066,26109,67100,71720,52368,76985,13794,43536,35616,18387,29349,23820,149523,15542,29818,14725,98523,22896,35376,32373,66624,56375,375847,98670,52525,113297,29133,78058,79419,50448,25133,15498,11860,31075,23657,15039,14634,23042,26256,10000
2020/11/20,279230,45820,51560,134260,188958,134344,36855,178038,225330,66192,35007,49000,111573,24780,214200,29421,23840,103040,53214,40908,27940,141288,115416,24780,120204,109592,34216,53900,23840,20240,131376,175680,13580,49539,111699,103040,26100,75768,48188,31820,17780,116730,125496,23060,75726,19236,111300,298080,75054,34776,75019,83048,128800,61299,21735,69216,67914,61992,32886,67851,51597,16020,14679,46809,27076,68320,73024,53459,77850,14520,44443,36358,19068,30436,25011,151690,16360,30695,15500,99630,23744,36113,33572,68012,57400,380070,100100,53480,114570,30212,79317,80570,51499,25746,16072,12453,31640,24234,15596,15176,23604,26803,10500
2020/11/21,283219,48111,54138,139055,193457,136743,38610,180864,228549,68556,36674,51450,113344,25665,216580,30822,25032,104880,54300,41882,29337,142970,117477,25665,121635,111549,35438,55000,25032,21252,132940,177632,14259,50550,113472,104880,27405,77121,49909,33411,18415,118027,126990,24213,76928,19923,112890,301392,76841,36018,76550,84531,130640,62272,22770,70452,68992,63099,33669,68928,52650,16821,15378,47552,28043,69540,74328,54550,78715,15246,45350,37100,19749,31523,26202,153857,17178,31572,16275,100737,24592,36850,34771,69400,58425,384293,101530,54435,115843,31291,80576,81721,52550,26359,16646,13046,32205,24811,16153,15718,24166,27350,11000
2020/11/22,287208,50402,56716,143850,197956,139142,40365,183690,231768,70920,38341,53900,115115,26550,218960,32223,26224,106720,55386,42856,30734,144652,119538,26550,123066,113506,36660,56100,26224,22264,134504,179584,14938,51561,115245,106720,28710,78474,51630,35002,19050,119324,128484,25366,78130,20610,114480,304704,78628,37260,78081,86014,132480,63245,23805,71688,70070,64206,34452,70005,53703,17622,16077,48295,29010,70760,75632,55641,79580,15972,46257,37842,20430,32610,27393,156024,17996,32449,17050,101844,25440,37587,35970,70788,59450,388516,102960,55390,117116,32370,81835,82872,53601,26972,17220,13639,32770,25388,16710,16260,24728,27897,11500
2020/11/23,291197,52693,59294,148645,202455,141541,42120,186516,234987,73284,40008,56350,116886,27435,221340,33624,27416,108560,56472,43830,32131,146334,121599,27435,124497,115463,37882,57200,27416,23276,136068,181536,15617,52572,117018,108560,30015,79827,53351,36593,19685,120621,129978,26519,79332,21297,116070,308016,80415,38502,79612,87497,134320,64218,24840,72924,71148,65313,35235,71082,54756,18423,16776,49038,29977,71980,76936,56732,80445,16698,47164,38584,21111,33697,28584,158191,18814,33326,17825,102951,26288,38324,37169,72176,60475,392739,104390,56345,118389,33449,83094,84023,54652,27585,17794,14232,33335,25965,17267,16802,25290,28444,12000
2020/11/24,295186,54984,61872,153440,206954,143940,43875,189342,238206,75648,41675,58800,118657,28320,223720,35025,28608,110400,57558,44804,33528,148016,123660,28320,125928,117420,39104,58300,28608,24288,137632,183488,16296,53583,118791,110400,31320,81180,55072,38184,20320,121918,131472,27672,80534,21984,117660,311328,82202,39744,81143,88980,136160,65191,25875,74160,72226,66420,36018,72159,55809,19224,17475,49781,30944,73200,78240,57823,81310,17424,48071,39326,21792,34784,29775,160358,19632,34203,18600,104058,27136,39061,38368,73564,61500,396962,105820,57300,119662,34528,84353,85174,55703,28198,18368,14825,33900,26542,17824,17344,25852,28991,12500
2020/11/25,299175,57275,64450,158235,211453,146339,45630,192168,241425,78012,43342,61250,120428,29205,226100,36426,29800,112240,58644,45778,34925,149698,125721,29205,127359,119377,40326,59400,29800,25300,139196,185440,16975,54594,120564,112240,32625,82533,56793,39775,20955,123215,132966,28825,81736,22671,119250,314640,83989,40986,82674,90463,138000,66164,26910,75396,73304,67527,36801,73236,56862,20025,18174,50524,31911,74420,79544,58914,82175,18150,48978,40068,22473,35871,30966,162525,20450,35080,19375,105165,27984,39798,39567,74952,62525,401185,107250,58255,120935,35607,85612,86325,56754,28811,18942,15418,34465,27119,18381,17886,26414,29538,13000
2020/11/26,303164,59566,67028,163030,215952,148738,47385,194994,244644,80376,45009,63700,122199,30090,228480,37827,30992,114080,59730,46752,36322,151380,127782,30090,128790,121334,41548,60500,30992,26312,140760,187392,17654,55605,122337,114080,33930,83886,58514,41366,21590,124512,134460,29978,82938,23358,120840,317952,85776,42228,84205,91946,139840,67137,27945,76632,74382,68634,37584,74313,57915,20826,18873,51267,32878,75640,80848,60005,83040,18876,49885,40810,23154,36958,32157,164692,21268,35957,20150,106272,28832,40535,40766,76340,63550,405408,108680,59210,122208,36686,86871,87476,57805,29424,19516,16011,35030,27696,18938,18428,26976,30085,13500
2020/11/27,307153,61857,69606,167825,220451,151137,49140,197820,247863,82740,46676,66150,123970,30975,230860,39228,32184,115920,60816,47726,37719,153062,129843,30975,130221,123291,42770,61600,32184,27324,142324,189344,18333,56616,124110,115920,35235,85239,60235,42957,22225,125809,135954,31131,84140,24045,122430,321264,87563,43470,85736,93429,141680,68110,28980,77868,75460,69741,38367,75390,58968,21627,19572,52010,33845,76860,82152,61096,83905,19602,50792,41552,23835,38045,33348,166859,22086,36834,20925,107379,29680,41272,41965,77728,64575,409631,110110,60165,123481,37765,88130,88627,58856,30037,20090,16604,35595,28273,19495,18970,27538,30632,14000
2020/11/28,311142,64148,72184,172620,224950,153536,50895,200646,251082,85104,48343,68600,125741,31860,233240,40629,33376,117760,61902,48700,39116,154744,131904,31860,131652,125248,43992,62700,33376,28336,143888,191296,19012,57627,125883,117760,36540,86592,61956,44548,22860,127106,137448,32284,85342,24732,124020,324576,89350,44712,87267,94912,143520,69083,30015,79104,76538,70848,39150,76467,60021,22428,20271,52753,34812,78080,83456,62187,84770,20328,51699,42294,24516,39132,34539,169026,22904,37711,21700,108486,30528,42009,43164,79116,65600,413854,111540,61120,124754,38844,89389,89778,59907,30650,20664,17197,36160,28850,20052,19512,28100,31179,14500
2020/11/29,315131,66439,74762,177415,229449,155935,52650,203472,254301,87468,50010,71050,127512,32745,235620,42030,34568,119600,62988,49674,40513,156426,133965,32745,133083,127205,45214,63800,34568,29348,145452,193248,19691,58638,127656,119600,37845,87945,63677,46139,23495,128403,138942,33437,86544,25419,125610,327888,91137,45954,88798,96395,145360,70056,31050,80340,77616,71955,39933,77544,61074,23229,20970,53496,35779,79300,84760,63278,85635,21054,52606,43036,25197,40219,35730,171193,23722,38588,22475,109593,31376,42746,44363,80504,66625,418077,112970,62075,126027,39923,90648,90929,60958,31263,21238,17790,36725,29427,20609,20054,28662,31726,15000
2020/11/30,319120,68730,77340,182210,233948,158334,54405,206298,257520,89832,51677,73500,129283,33630,238000,43431,35760,121440,64074,50648,41910,158108,136026,33630,134514,129162,46436,64900,35760,30360,147016,195200,20370,59649,129429,121440,39150,89298,65398,47730,24130,129700,140436,34590,87746,26106,127200,331200,92924,47196,90329,97878,147200,71029,32085,81576,78694,73062,40716,78621,62127,24030,21669,54239,36746,80520,86064,64369,86500,21780,53513,43778,25878,41306,36921,173360,24540,39465,23250,110700,32224,43483,45562,81892,67650,422300,114400,63030,127300,41002,91907,92080,62009,31876,21812,18383,37290,30004,21166,20596,29224,32273,15500
2020/12/1,323109,71021,79918,187005,238447,160733,56160,209124,260739,92196,53344,75950,131054,34515,240380,44832,36952,123280,65160,51622,43307,159790,138087,34515,135945,131119,47658,66000,36952,31372,148580,197152,21049,60660,131202,123280,40455,90651,67119,49321,24765,130997,141930,35743,88948,26793,128790,334512,94711,48438,91860,99361,149040,72002,33120,82812,79772,74169,41499,79698,63180,24831,22368,54982,37713,81740,87368,65460,87365,22506,54420,44520,26559,42393,38112,175527,25358,40342,24025,111807,33072,44220,46761,83280,68675,426523,115830,63985,128573,42081,93166,93231,63060,32489,22386,18976,37855,30581,21723,21138,29786,32820,16000
2020/12/2,327098,73312,82496,191800,242946,163132,57915,211950,263958,94560,55011,78400,132825,35400,242760,46233,38144,125120,66246,52596,44704,161472,140148,35400,137376,133076,48880,67100,38144,32384,150144,199104,21728,61671,132975,125120,41760,92004,68840,50912,25400,132294,143424,36896,90150,27480,130380,337824,96498,49680,93391,100844,150880,72975,34155,84048,80850,75276,42282,80775,64233,25632,23067,55725,38680,82960,88672,66551,88230,23232,55327,45262,27240,43480,39303,177694,26176,41219,24800,112914,33920,44957,47960,84668,69700,430746,117260,64940,129846,43160,94425,94382,64111,33102,22960,19569,38420,31158,22280,21680,30348,33367,16500
2020/12/3,331087,75603,85074,196595,247445,165531,59670,214776,267177,96924,56678,80850,134596,36285,245140,47634,39336,126960,67332,53570,46101,163154,142209,36285,138807,135033,50102,68200,39336,33396,151708,201056,22407,62682,134748,126960,43065,93357,70561,52503,26035,133591,144918,38049,91352,28167,131970,341136,98285,50922,94922,102327,152720,73948,35190,85284,81928,76383,43065,81852,65286,26433,23766,56468,39647,84180,89976,67642,89095,23958,56234,46004,27921,44567,40494,179861,26994,42096,25575,114021,34768,45694,49159,86056,70725,434969,118690,65895,131119,44239,95684,95533,65162,33715,23534,20162,38985,31735,22837,22222,30910,33914,17000
2020/12/4,335076,77894,87652,201390,251944,167930,61425,217602,270396,99288,58345,83300,136367,37170,247520,49035,40528,128800,68418,54544,47498,164836,144270,37170,140238,136990,51324,69300,40528,34408,153272,203008,23086,63693,136521,128800,44370,94710,72282,54094,26670,134888,146412,39202,92554,28854,133560,344448,100072,52164,96453,103810,154560,74921,36225,86520,83006,77490,43848,82929,66339,27234,24465,57211,40614,85400,91280,68733,89960,24684,57141,46746,28602,45654,41685,182028,27812,42973,26350,115128,35616,46431,50358,87444,71750,439192,120120,66850,132392,45318,96943,96684,66213,34328,24108,20755,39550,32312,23394,22764,31472,34461,17500
2020/12/5,339065,80185,90230,206185,256443,170329,63180,220428,273615,101652,60012,85750,138138,38055,249900,50436,41720,130640,69504,55518,48895,166518,146331,38055,141669,138947,52546,70400,41720,35420,154836,204960,23765,64704,138294,130640,45675,96063,74003,55685,27305,136185,147906,40355,93756,29541,135150,347760,101859,53406,97984,105293,156400,75894,37260,87756,84084,78597,44631,84006,67392,28035,25164,57954,41581,86620,92584,69824,90825,25410,58048,47488,29283,46741,42876,184195,28630,43850,27125,116235,36464,47168,51557,88832,72775,443415,121550,67805,133665,46397,98202,97835,67264,34941,24682,21348,40115,32889,23951,23306,32034,35008,18000
2020/12/6,343054,82476,92808,210980,260942,172728,64935,223254,276834,104016,61679,88200,139909,38940,252280,51837,42912,132480,70590,56492,50292,168200,148392,38940,143100,140904,53768,71500,42912,36432,156400,206912,24444,65715,140067,132480,46980,97416,75724,57276,27940,137482,149400,41508,94958,30228,136740,351072,103646,54648,99515,106776,158240,76867,38295,88992,85162,79704,45414,85083,68445,28836,25863,58697,42548,87840,93888,70915,91690,26136,58955,48230,29964,47828,44067,186362,29448,44727,27900,117342,37312,47905,52756,90220,73800,447638,122980,68760,134938,47476,99461,98986,68315,35554,25256,21941,40680,33466,24508,23848,32596,35555,18500
2020/12/7,347043,84767,95386,215775,265441,175127,66690,226080,280053,106380,63346,90650,141680,39825,254660,53238,44104,134320,71676,57466,51689,169882,150453,39825,144531,142861,54990,72600,44104,37444,157964,208864,25123,66726,141840,134320,48285,98769,77445,58867,28575,138779,150894,42661,96160,30915,138330,354384,105433,55890,101046,108259,160080,77840,39330,90228,86240,80811,46197,86160,69498,29637,26562,59440,43515,89060,95192,72006,92555,26862,59862,48972,30645,48915,45258,188529,30266,45604,28675,118449,38160,48642,53955,91608,74825,451861,124410,69715,136211,48555,100720,100137,69366,36167,25830,22534,41245,34043,25065,24390,33158,36102,19000
2020/12/8,351032,87058,97964,220570,269940,177526,68445,228906,283272,108744,65013,93100,143451,40710,257040,54639,45296,136160,72762,58440,53086,171564,152514,40710,145962,144818,56212,73700,45296,38456,159528,210816,25802,67737,143613,136160,49590,100122,79166,60458,29210,140076,152388,43814,97362,31602,139920,357696,107220,57132,102577,109742,161920,78813,40365,91464,87318,81918,46980,87237,70551,30438,27261,60183,44482,90280,96496,73097,93420,27588,60769,49714,31326,50002,46449,190696,31084,46481,29450,119556,39008,49379,55154,92996,75850,456084,125840,70670,137484,49634,101979,101288,70417,36780,26404,23127,41810,34620,25622,24932,33720,36649,19500
2020/12/9,355021,89349,100542,225365,274439,179925,70200,231732,286491,111108,66680,95550,145222,41595,259420,56040,46488,138000,73848,59414,54483,173246,154575,41595,147393,146775,57434,74800,46488,39468,161092,212768,26481,68748,145386,138000,50895,101475,80887,62049,29845,141373,153882,44967,98564,32289,141510,361008,109007,58374,104108,111225,163760,79786,41400,92700,88396,83025,47763,88314,71604,31239,27960,60926,45449,91500,97800,74188,94285,28314,61676,50456,32007,51089,47640,192863,31902,47358,30225,120663,39856,50116,56353,94384,76875,460307,127270,71625,138757,50713,103238,102439,71468,37393,26978,23720,42375,35197,26179,25474,34282,37196,20000
2020/12/10,359010,91640,103120,230160,278938,182324,71955,234558,289710,113472,68347,98000,146993,42480,261800,57441,47680,139840,74934,60388,55880,174928,156636,42480,148824,148732,58656,75900,47680,40480,162656,214720,27160,69759,147159,139840,52200,102828,82608,63640,30480,142670,155376,46120,99766,32976,143100,364320,110794,59616,105639,112708,165600,80759,42435,93936,89474,84132,48546,89391,72657,32040,28659,61669,46416,92720,99104,75279,95150,29040,62583,51198,32688,52176,48831,195030,32720,48235,31000,121770,40704,50853,57552,95772,77900,464530,128700,72580,140030,51792,104497,103590,72519,38006,27552,24313,42940,35774,26736,26016,34844,37743,20500
2020/12/11,362999,93931,105698,234955,283437,184723,73710,237384,292929,115836,70014,100450,148764,43365,264180,58842,48872,141680,76020,61362,57277,176610,158697,43365,150255,150689,59878,77000,48872,41492,164220,216672,27839,70770,148932,141680,53505,104181,84329,65231,31115,143967,156870,47273,100968,33663,144690,367632,112581,60858,107170,114191,167440,81732,43470,95172,90552,85239,49329,90468,73710,32841,29358,62412,47383,93940,100408,76370,96015,29766,63490,51940,33369,53263,50022,197197,33538,49112,31775,122877,41552,51590,58751,97160,78925,468753,130130,73535,141303,52871,105756,104741,73570,38619,28126,24906,43505,36351,27293,26558,35406,38290,21000
2020/12/12,366988,96222,108276,239750,287936,187122,75465,240210,296148,118200,71681,102900,150535,44250,266560,60243,50064,143520,77106,62336,58674,178292,160758,44250,151686,152646,61100,78100,50064,42504,165784,218624,28518,71781,150705,143520,54810,105534,86050,66822,31750,145264,158364,48426,102170,34350,146280,370944,114368,62100,108701,115674,169280,82705,44505,96408,91630,86346,50112,91545,74763,33642,30057,63155,48350,95160,101712,77461,96880,30492,64397,52682,34050,54350,51213,199364,34356,49989,32550,123984,42400,52327,59950,98548,79950,472976,131560,74490,142576,53950,107015,105892,74621,39232,28700,25499,44070,36928,27850,27100,35968,38837,21500
2020/12/13,370977,98513,110854,244545,292435,189521,77220,243036,299367,120564,73348,105350,152306,45135,268940,61644,51256,145360,78192,63310,60071,179974,162819,45135,153117,154603,62322,79200,51256,43516,167348,220576,29197,72792,152478,145360,56115,106887,87771,68413,32385,146561,159858,49579,103372,35037,147870,374256,116155,63342,110232,117157,171120,83678,45540,97644,92708,87453,50895,92622,75816,34443,30756,63898,49317,96380,103016,78552,97745,31218,65304,53424,34731,55437,52404,201531,35174,50866,33325,125091,43248,53064,61149,99936,80975,477199,132990,75445,143849,55029,108274,107043,75672,39845,29274,26092,44635,37505,28407,27642,36530,39384,22000
2020/12/14,374966,100804,113432,249340,296934,191920,78975,245862,302586,122928,75015,107800,154077,46020,271320,63045,52448,147200,79278,64284,61468,181656,164880,46020,154548,156560,63544,80300,52448,44528,168912,222528,29876,73803,154251,147200,57420,108240,89492,70004,33020,147858,161352,50732,104574,35724,149460,377568,117942,64584,111763,118640,172960,84651,46575,98880,93786,88560,51678,93699,76869,35244,31455,64641,50284,97600,104320,79643,98610,31944,66211,54166,35412,56524,53595,203698,35992,51743,34100,126198,44096,53801,62348,101324,82000,481422,134420,76400,145122,56108,109533,108194,76723,40458,29848,26685,45200,38082,28964,28184,37092,39931,22500
2020/12/15,378955,103095,116010,254135,301433,194319,80730,248688,305805,125292,76682,110250,155848,46905,273700,64446,53640,149040,80364,65258,62865,183338,166941,46905,155979,158517,64766,81400,53640,45540,170476,224480,30555,74814,156024,149040,58725,109593,91213,71595,33655,149155,162846,51885,105776,36411,151050,380880,119729,65826,113294,120123,174800,85624,47610,100116,94864,89667,52461,94776,77922,36045,32154,65384,51251,98820,105624,80734,99475,32670,67118,54908,36093,57611,54786,205865,36810,52620,34875,127305,44944,54538,63547,102712,83025,485645,135850,77355,146395,57187,110792,109345,77774,41071,30422,27278,45765,38659,29521,28726,37654,40478,23000
2020/12/16,382944,105386,118588,258930,305932,196718,82485,251514,309024,127656,78349,112700,157619,47790,276080,65847,54832,150880,81450,66232,64262,185020,169002,47790,157410,160474,65988,82500,54832,46552,172040,226432,31234,75825,157797,150880,60030,110946,92934,73186,34290,150452,164340,53038,106978,37098,152640,384192,121516,67068,114825,121606,176640,86597,48645,101352,95942,90774,53244,95853,78975,36846,32853,66127,52218,100040,106928,81825,100340,33396,68025,55650,36774,58698,55977,208032,37628,53497,35650,128412,45792,55275,64746,104100,84050,489868,137280,78310,147668,58266,112051,110496,78825,41684,30996,27871,46330,39236,30078,29268,38216,41025,23500
2020/12/17,386933,107677,121166,263725,310431,199117,84240,254340,312243,130020,80016,115150,159390,48675,278460,67248,56024,152720,82536,67206,65659,186702,171063,48675,158841,162431,67210,83600,56024,47564,173604,228384,31913,76836,159570,152720,61335,112299,94655,74777,34925,151749,165834,54191,108180,37785,154230,387504,123303,68310,116356,123089,178480,87570,49680,102588,97020,91881,54027,96930,80028,37647,33552,66870,53185,101260,108232,82916,101205,34122,68932,56392,37455,59785,57168,210199,38446,54374,36425,129519,46640,56012,65945,105488,85075,494091,138710,79265,148941,59345,113310,111647,79876,42297,31570,28464,46895,39813,30635,29810,38778,41572,24000
2020/12/18,390922,109968,123744,268520,314930,201516,85995,257166,315462,132384,81683,117600,161161,49560,280840,68649,57216,154560,83622,68180,67056,188384,173124,49560,160272,164388,68432,84700,57216,48576,175168,230336,32592,77847,161343,154560,62640,113652,96376,76368,35560,153046,167328,55344,109382,38472,155820,390816,125090,69552,117887,124572,180320,88543,50715,103824,98098,92988,54810,98007,81081,38448,34251,67613,54152,102480,109536,84007,102070,34848,69839,57134,38136,60872,58359,212366,39264,55251,37200,130626,47488,56749,67144,106876,86100,498314,140140,80220,150214,60424,114569,112798,80927,42910,32144,29057,47460,40390,31192,30352,39340,42119,24500
2020/12/19,394911,112259,126322,273315,319429,203915,87750,259992,318681,134748,83350,120050,162932,50445,283220,70050,58408,156400,84708,69154,68453,190066,175185,50445,161703,166345,69654,85800,58408,49588,176732,232288,33271,78858,163116,156400,63945,115005,98097,77959,36195,154343,168822,56497,110584,39159,157410,394128,126877,70794,119418,126055,182160,89516,51750,105060,99176,94095,55593,99084,82134,39249,34950,68356,55119,103700,110840,85098,102935,35574,70746,57876,38817,61959,59550,214533,40082,56128,37975,131733,48336,57486,68343,108264,87125,502537,141570,81175,151487,61503,115828,113949,81978,43523,32718,29650,48025,40967,31749,30894,39902,42666,25000
2020/12/20,398900,114550,128900,278110,323928,206314,89505,262818,321900,137112,85017,122500,164703,51330,285600,71451,59600,158240,85794,70128,69850,191748,177246,51330,163134,168302,70876,86900,59600,50600,178296,234240,33950,79869,164889,158240,65250,116358,99818,79550,36830,155640,170316,57650,111786,39846,159000,397440,128664,72036,120949,127538,184000,90489,52785,106296,100254,95202,56376,100161,83187,40050,35649,69099,56086,104920,112144,86189,103800,36300,71653,58618,39498,63046,60741,216700,40900,57005,38750,132840,49184,58223,69542,109652,88150,506760,143000,82130,152760,62582,117087,115100,83029,44136,33292,30243,48590,41544,32306,31436,40464,43213,25500
2020/12/21,402889,116841,131478,282905,328427,208713,91260,265644,325119,139476,86684,124950,166474,52215,287980,72852,60792,160080,86880,71102,71247,193430,179307,52215,164565,170259,72098,88000,60792,51612,179860,236192,34629,80880,166662,160080,66555,117711,101539,81141,37465,156937,171810,58803,112988,40533,160590,400752,130451,73278,122480,129021,185840,91462,53820,107532,101332,96309,57159,101238,84240,40851,36348,69842,57053,106140,113448,87280,104665,37026,72560,59360,40179,64133,61932,218867,41718,57882,39525,133947,50032,58960,70741,111040,89175,510983,144430,83085,154033,63661,118346,116251,84080,44749,33866,30836,49155,42121,32863,31978,41026,43760,26000
2020/12/22,406878,119132,134056,287700,332926,211112,93015,268470,328338,141840,88351,127400,168245,53100,290360,74253,61984,161920,87966,72076,72644,195112,181368,53100,165996,172216,73320,89100,61984,52624,181424,238144,35308,81891,168435,161920,67860,119064,103260,82732,38100,158234,173304,59956,114190,41220,162180,404064,132238,74520,124011,130504,187680,92435,54855,108768,102410,97416,57942,102315,85293,41652,37047,70585,58020,107360,114752,88371,105530,37752,73467,60102,40860,65220,63123,221034,42536,58759,40300,135054,50880,59697,71940,112428,90200,515206,145860,84040,155306,64740,119605,117402,85131,45362,34440,31429,49720,42698,33420,32520,41588,44307,26500
2020/12/23,410867,121423,136634,292495,337425,213511,94770,271296,331557,144204,90018,129850,170016,53985,292740,75654,63176,163760,89052,73050,74041,196794,183429,53985,167427,174173,74542,90200,63176,53636,182988,240096,35987,82902,170208,163760,69165,120417,104981,84323,38735,159531,174798,61109,115392,41907,163770,407376,134025,75762,125542,131987,189520,93408,55890,110004,103488,98523,58725,103392,86346,42453,37746,71328,58987,108580,116056,89462,106395,38478,74374,60844,41541,66307,64314,223201,43354,59636,41075,136161,51728,60434,73139,113816,91225,519429,147290,84995,156579,65819,120864,118553,86182,45975,35014,32022,50285,43275,33977,33062,42150,44854,27000
2020/12/24,414856,123714,139212,297290,341924,215910,96525,274122,334776,146568,91685,132300,171787,54870,295120,77055,64368,165600,90138,74024,75438,198476,185490,54870,168858,176130,75764,91300,64368,54648,184552,242048,36666,83913,171981,165600,70470,121770,106702,85914,39370,160828,176292,62262,116594,42594,165360,410688,135812,77004,127073,133470,191360,94381,56925,111240,104566,99630,59508,104469,87399,43254,38445,72071,59954,109800,117360,90553,107260,39204,75281,61586,42222,67394,65505,225368,44172,60513,41850,137268,52576,61171,74338,115204,92250,523652,148720,85950,157852,66898,122123,119704,87233,46588,35588,32615,50850,43852,34534,33604,42712,45401,27500
2020/12/25,418845,126005,141790,302085,346423,218309,98280,276948,337995,148932,93352,134750,173558,55755,297500,78456,65560,167440,91224,74998,76835,200158,187551,55755,170289,178087,76986,92400,65560,55660,186116,244000,37345,84924,173754,167440,71775,123123,108423,87505,40005,162125,177786,63415,117796,43281,166950,414000,137599,78246,128604,134953,193200,95354,57960,112476,105644,100737,60291,105546,88452,44055,39144,72814,60921,111020,118664,91644,108125,39930,76188,62328,42903,68481,66696,227535,44990,61390,42625,138375,53424,61908,75537,116592,93275,527875,150150,86905,159125,67977,123382,120855,88284,47201,36162,33208,51415,44429,35091,34146,43274,45948,28000
2020/12/26,422834,128296,144368,306880,350922,220708,100035,279774,341214,151296,95019,137200,175329,56640,299880,79857,66752,169280,92310,75972,78232,201840,189612,56640,171720,180044,78208,93500,66752,56672,187680,245952,38024,85935,175527,169280,73080,124476,110144,89096,40640,163422,179280,64568,118998,43968,168540,417312,139386,79488,130135,136436,195040,96327,58995,113712,106722,101844,61074,106623,89505,44856,39843,73557,61888,112240,119968,92735,108990,40656,77095,63070,43584,69568,67887,229702,45808,62267,43400,139482,54272,62645,76736,117980,94300,532098,151580,87860,160398,69056,124641,122006,89335,47814,36736,33801,51980,45006,35648,34688,43836,46495,28500
2020/12/27,426823,130587,146946,311675,355421,223107,101790,282600,344433,153660,96686,139650,177100,57525,302260,81258,67944,171120,93396,76946,79629,203522,191673,57525,173151,182001,79430,94600,67944,57684,189244,247904,38703,86946,177300,171120,74385,125829,111865,90687,41275,164719,180774,65721,120200,44655,170130,420624,141173,80730,131666,137919,196880,97300,60030,114948,107800,102951,61857,107700,90558,45657,40542,74300,62855,113460,121272,93826,109855,41382,78002,63812,44265,70655,69078,231869,46626,63144,44175,140589,55120,63382,77935,119368,95325,536321,153010,88815,161671,70135,125900,123157,90386,48427,37310,34394,52545,45583,36205,35230,44398,47042,29000
2020/12/28,430812,132878,149524,316470,359920,225506,103545,285426,347652,156024,98353,142100,178871,58410,304640,82659,69136,172960,94482,77920,81026,205204,193734,58410,174582,183958,80652,95700,69136,58696,190808,249856,39382,87957,179073,172960,75690,127182,113586,92278,41910,166016,182268,66874,121402,45342,171720,423936,142960,81972,133197,139402,198720,98273,61065,116184,108878,104058,62640,108777,91611,46458,41241,75043,63822,114680,122576,94917,110720,42108,78909,64554,44946,71742,70269,234036,47444,64021,44950,141696,55968,64119,79134,120756,96350,540544,154440,89770,162944,71214,127159,124308,91437,49040,37884,34987,53110,46160,36762,35772,44960,47589,29500
2020/12/29,434801,135169,152102,321265,364419,227905,105300,288252,350871,158388,100020,144550,180642,59295,307020,84060,70328,174800,95568,78894,82423,206886,195795,59295,176013,185915,81874,96800,70328,59708,192372,251808,40061,88968,180846,174800,76995,128535,115307,93869,42545,167313,183762,68027,122604,46029,173310,427248,144747,83214,134728,140885,200560,99246,62100,117420,109956,105165,63423,109854,92664,47259,41940,75786,64789,115900,123880,96008,111585,42834,79816,65296,45627,72829,71460,236203,48262,64898,45725,142803,56816,64856,80333,122144,97375,544767,155870,90725,164217,72293,128418,125459,92488,49653,38458,35580,53675,46737,37319,36314,45522,48136,30000
2020/12/30,438790,137460,154680,326060,368918,230304,107055,291078,354090,160752,101687,147000,182413,60180,309400,85461,71520,176640,96654,79868,83820,208568,197856,60180,177444,187872,83096,97900,71520,60720,193936,253760,40740,89979,182619,176640,78300,129888,117028,95460,43180,168610,185256,69180,123806,46716,174900,430560,146534,84456,136259,142368,202400,100219,63135,118656,111034,106272,64206,110931,93717,48060,42639,76529,65756,117120,125184,97099,112450,43560,80723,66038,46308,73916,72651,238370,49080,65775,46500,143910,57664,65593,81532,123532,98400,548990,157300,91680,165490,73372,129677,126610,93539,50266,39032,36173,54240,47314,37876,36856,46084,48683,30500
2020/12/31,442779,139751,157258,330855,373417,232703,108810,293904,357309,163116,103354,149450,184184,61065,311780,86862,72712,178480,97740,80842,85217,210250,199917,61065,178875,189829,84318,99000,72712,61732,195500,255712,41419,90990,184392,178480,79605,131241,118749,97051,43815,169907,186750,70333,125008,47403,176490,433872,148321,85698,137790,143851,204240,101192,64170,119892,112112,107379,64989,112008,94770,48861,43338,77272,66723,118340,126488,98190,113315,44286,81630,66780,46989,75003,73842,240537,49898,66652,47275,145017,58512,66330,82731,124920,99425,553213,158730,92635,166763,74451,130936,127761,94590,50879,39606,36766,54805,47891,38433,37398,46646,49230,31000
2021/1/1,446768,142042,159836,335650,377916,235102,110565,296730,360528,165480,105021,151900,185955,61950,314160,88263,73904,180320,98826,81816,86614,211932,201978,61950,180306,191786,85540,100100,73904,62744,197064,257664,42098,92001,186165,180320,80910,132594,120470,98642,44450,171204,188244,71486,126210,48090,178080,437184,150108,86940,139321,145334,206080,102165,65205,121128,113190,108486,65772,113085,95823,49662,44037,78015,67690,119560,127792,99281,114180,45012,82537,67522,47670,76090,75033,242704,50716,67529,48050,146124,59360,67067,83930,126308,100450,557436,160160,93590,168036,75530,132195,128912,95641,51492,40180,37359,55370,48468,38990,37940,47208,49777,31500
2021/1/2,450757,144333,162414,340445,382415,237501,112320,299556,363747,167844,106688,154350,187726,62835,316540,89664,75096,182160,99912,82790,88011,213614,204039,62835,181737,193743,86762,101200,75096,63756,198628,259616,42777,93012,187938,182160,82215,133947,122191,100233,45085,172501,189738,72639,127412,48777,179670,440496,151895,88182,140852,146817,207920,103138,66240,122364,114268,109593,66555,114162,96876,50463,44736,78758,68657,120780,129096,100372,115045,45738,83444,68264,48351,77177,76224,244871,51534,68406,48825,147231,60208,67804,85129,127696,101475,561659,161590,94545,169309,76609,133454,130063,96692,52105,40754,37952,55935,49045,39547,38482,47770,50324,32000
2021/1/3,454746,146624,164992,345240,386914,239900,114075,302382,366966,170208,108355,156800,189497,63720,318920,91065,76288,184000,100998,83764,89408,215296,206100,63720,183168,195700,87984,102300,76288,64768,200192,261568,43456,94023,189711,184000,83520,135300,123912,101824,45720,173798,191232,73792,128614,49464,181260,443808,153682,89424,142383,148300,209760,104111,67275,123600,115346,110700,67338,115239,97929,51264,45435,79501,69624,122000,130400,101463,115910,46464,84351,69006,49032,78264,77415,247038,52352,69283,49600,148338,61056,68541,86328,129084,102500,565882,163020,95500,170582,77688,134713,131214,97743,52718,41328,38545,56500,49622,40104,39024,48332,50871,32500
2021/1/4,458735,148915,167570,350035,391413,242299,115830,305208,370185,172572,110022,159250,191268,64605,321300,92466,77480,185840,102084,84738,90805,216978,208161,64605,184599,197657,89206,103400,77480,65780,201756,263520,44135,95034,191484,185840,84825,136653,125633,103415,46355,175095,192726,74945,129816,50151,182850,447120,155469,90666,143914,149783,211600,105084,68310,124836,116424,111807,68121,116316,98982,52065,46134,80244,70591,123220,131704,102554,116775,47190,85258,69748,49713,79351,78606,249205,53170,70160,50375,149445,61904,69278,87527,130472,103525,570105,164450,96455,171855,78767,135972,132365,98794,53331,41902,39138,57065,50199,40661,39566,48894,51418,33000
2021/1/5,462724,151206,170148,354830,395912,244698,117585,308034,373404,174936,111689,161700,193039,65490,323680,93867,78672,187680,103170,85712,92202,218660,210222,65490,186030,199614,90428,104500,78672,66792,203320,265472,44814,96045,193257,187680,86130,138006,127354,105006,46990,176392,194220,76098,131018,50838,184440,450432,157256,91908,145445,151266,213440,106057,69345,126072,117502,112914,68904,117393,100035,52866,46833,80987,71558,124440,133008,103645,117640,47916,86165,70490,50394,80438,79797,251372,53988,71037,51150,150552,62752,70015,88726,131860,104550,574328,165880,97410,173128,79846,137231,133516,99845,53944,42476,39731,57630,50776,41218,40108,49456,51965,33500
2021/1/6,466713,153497,172726,359625,400411,247097,119340,310860,376623,177300,113356,164150,194810,66375,326060,95268,79864,189520,104256,86686,93599,220342,212283,66375,187461,201571,91650,105600,79864,67804,204884,267424,45493,97056,195030,189520,87435,139359,129075,106597,47625,177689,195714,77251,132220,51525,186030,453744,159043,93150,146976,152749,215280,107030,70380,127308,118580,114021,69687,118470,101088,53667,47532,81730,72525,125660,134312,104736,118505,48642,87072,71232,51075,81525,80988,253539,54806,71914,51925,151659,63600,70752,89925,133248,105575,578551,167310,98365,174401,80925,138490,134667,100896,54557,43050,40324,58195,51353,41775,40650,50018,52512,34000
2021/1/7,470702,155788,175304,364420,404910,249496,121095,313686,379842,179664,115023,166600,196581,67260,328440,96669,81056,191360,105342,87660,94996,222024,214344,67260,188892,203528,92872,106700,81056,68816,206448,269376,46172,98067,196803,191360,88740,140712,130796,108188,48260,178986,197208,78404,133422,52212,187620,457056,160830,94392,148507,154232,217120,108003,71415,128544,119658,115128,70470,119547,102141,54468,48231,82473,73492,126880,135616,105827,119370,49368,87979,71974,51756,82612,82179,255706,55624,72791,52700,152766,64448,71489,91124,134636,106600,582774,168740,99320,175674,82004,139749,135818,101947,55170,43624,40917,58760,51930,42332,41192,50580,53059,34500
2021/1/8,474691,158079,177882,369215,409409,251895,122850,316512,383061,182028,116690,169050,198352,68145,330820,98070,82248,193200,106428,88634,96393,223706,216405,68145,190323,205485,94094,107800,82248,69828,208012,271328,46851,99078,198576,193200,90045,142065,132517,109779,48895,180283,198702,79557,134624,52899,189210,460368,162617,95634,150038,155715,218960,108976,72450,129780,120736,116235,71253,120624,103194,55269,48930,83216,74459,128100,136920,106918,120235,50094,88886,72716,52437,83699,83370,257873,56442,73668,53475,153873,65296,72226,92323,136024,107625,586997,170170,100275,176947,83083,141008,136969,102998,55783,44198,41510,59325,52507,42889,41734,51142,53606,35000
2021/1/9,478680,160370,180460,374010,413908,254294,124605,319338,386280,184392,118357,171500,200123,69030,333200,99471,83440,195040,107514,89608,97790,225388,218466,69030,191754,207442,95316,108900,83440,70840,209576,273280,47530,100089,200349,195040,91350,143418,134238,111370,49530,181580,200196,80710,135826,53586,190800,463680,164404,96876,151569,157198,220800,109949,73485,131016,121814,117342,72036,121701,104247,56070,49629,83959,75426,129320,138224,108009,121100,50820,89793,73458,53118,84786,84561,260040,57260,74545,54250,154980,66144,72963,93522,137412,108650,591220,171600,101230,178220,84162,142267,138120,104049,56396,44772,42103,59890,53084,43446,42276,51704,54153,35500
2021/1/10,482669,162661,183038,378805,418407,256693,126360,322164,389499,186756,120024,173950,201894,69915,335580,100872,84632,196880,108600,90582,99187,227070,220527,69915,193185,209399,96538,110000,84632,71852,211140,275232,48209,101100,202122,196880,92655,144771,135959,112961,50165,182877,201690,81863,137028,54273,192390,466992,166191,98118,153100,158681,222640,110922,74520,132252,122892,118449,72819,122778,105300,56871,50328,84702,76393,130540,139528,109100,121965,51546,90700,74200,53799,85873,85752,262207,58078,75422,55025,156087,66992,73700,94721,138800,109675,595443,173030,102185,179493,85241,143526,139271,105100,57009,45346,42696,60455,53661,44003,42818,52266,54700,36000
2021/1/11,486658,164952,185616,383600,422906,259092,128115,324990,392718,189120,121691,176400,203665,70800,337960,102273,85824,198720,109686,91556,100584,228752,222588,70800,194616,211356,97760,111100,85824,72864,212704,277184,48888,102111,203895,198720,93960,146124,137680,114552,50800,184174,203184,83016,138230,54960,193980,470304,167978,99360,154631,160164,224480,111895,75555,133488,123970,119556,73602,123855,106353,57672,51027,85445,77360,131760,140832,110191,122830,52272,91607,74942,54480,86960,86943,264374,58896,76299,55800,157194,67840,74437,95920,140188,110700,599666,174460,103140,180766,86320,144785,140422,106151,57622,45920,43289,61020,54238,44560,43360,52828,55247,36500
2021/1/12,490647,167243,188194,388395,427405,261491,129870,327816,395937,191484,123358,178850,205436,71685,340340,103674,87016,200560,110772,92530,101981,230434,224649,71685,196047,213313,98982,112200,87016,73876,214268,279136,49567,103122,205668,200560,95265,147477,139401,116143,51435,185471,204678,84169,139432,55647,195570,473616,169765,100602,156162,161647,226320,112868,76590,134724,125048,120663,74385,124932,107406,58473,51726,86188,78327,132980,142136,111282,123695,52998,92514,75684,55161,88047,88134,266541,59714,77176,56575,158301,68688,75174,97119,141576,111725,603889,175890,104095,182039,87399,146044,141573,107202,58235,46494,43882,61585,54815,45117,43902,53390,55794,37000
2021/1/13,494636,169534,190772,393190,431904,263890,131625,330642,399156,193848,125025,181300,207207,72570,342720,105075,88208,202400,111858,93504,103378,232116,226710,72570,197478,215270,100204,113300,88208,74888,215832,281088,50246,104133,207441,202400,96570,148830,141122,117734,52070,186768,206172,85322,140634,56334,197160,476928,171552,101844,157693,163130,228160,113841,77625,135960,126126,121770,75168,126009,108459,59274,52425,86931,79294,134200,143440,112373,124560,53724,93421,76426,55842,89134,89325,268708,60532,78053,57350,159408,69536,75911,98318,142964,112750,608112,177320,105050,183312,88478,147303,142724,108253,58848,47068,44475,62150,55392,45674,44444,53952,56341,37500
2021/1/14,498625,171825,193350,397985,436403,266289,133380,333468,402375,196212,126692,183750,208978,73455,345100,106476,89400,204240,112944,94478,104775,233798,228771,73455,198909,217227,101426,114400,89400,75900,217396,283040,50925,105144,209214,204240,97875,150183,142843,119325,52705,188065,207666,86475,141836,57021,198750,480240,173339,103086,159224,164613,230000,114814,78660,137196,127204,122877,75951,127086,109512,60075,53124,87674,80261,135420,144744,113464,125425,54450,94328,77168,56523,90221,90516,270875,61350,78930,58125,160515,70384,76648,99517,144352,113775,612335,178750,106005,184585,89557,148562,143875,109304,59461,47642,45068,62715,55969,46231,44986,54514,56888,38000
2021/1/15,502614,174116,195928,402780,440902,268688,135135,336294,405594,198576,128359,186200,210749,74340,347480,107877,90592,206080,114030,95452,106172,235480,230832,74340,200340,219184,102648,115500,90592,76912,218960,284992,51604,106155,210987,206080,99180,151536,144564,120916,53340,189362,209160,87628,143038,57708,200340,483552,175126,104328,160755,166096,231840,115787,79695,138432,128282,123984,76734,128163,110565,60876,53823,88417,81228,136640,146048,114555,126290,55176,95235,77910,57204,91308,91707,273042,62168,79807,58900,161622,71232,77385,100716,145740,114800,616558,180180,106960,185858,90636,149821,145026,110355,60074,48216,45661,63280,56546,46788,45528,55076,57435,38500
2021/1/16,506603,176407,198506,407575,445401,271087,136890,339120,408813,200940,130026,188650,212520,75225,349860,109278,91784,207920,115116,96426,107569,237162,232893,75225,201771,221141,103870,116600,91784,77924,220524,286944,52283,107166,212760,207920,100485,152889,146285,122507,53975,190659,210654,88781,144240,58395,201930,486864,176913,105570,162286,167579,233680,116760,80730,139668,129360,125091,77517,129240,111618,61677,54522,89160,82195,137860,147352,115646,127155,55902,96142,78652,57885,92395,92898,275209,62986,80684,59675,162729,72080,78122,101915,147128,115825,620781,181610,107915,187131,91715,151080,146177,111406,60687,48790,46254,63845,57123,47345,46070,55638,57982,39000
2021/1/17,510592,178698,201084,412370,449900,273486,138645,341946,412032,203304,131693,191100,214291,76110,352240,110679,92976,209760,116202,97400,108966,238844,234954,76110,203202,223098,105092,117700,92976,78936,222088,288896,52962,108177,214533,209760,101790,154242,148006,124098,54610,191956,212148,89934,145442,59082,203520,490176,178700,106812,163817,169062,235520,117733,81765,140904,130438,126198,78300,130317,112671,62478,55221,89903,83162,139080,148656,116737,128020,56628,97049,79394,58566,93482,94089,277376,63804,81561,60450,163836,72928,78859,103114,148516,116850,625004,183040,108870,188404,92794,152339,147328,112457,61300,49364,46847,64410,57700,47902,46612,56200,58529,39500
2021/1/18,514581,180989,203662,417165,454399,275885,140400,344772,415251,205668,133360,193550,216062,76995,354620,112080,94168,211600,117288,98374,110363,240526,237015,76995,204633,225055,106314,118800,94168,79948,223652,290848,53641,109188,216306,211600,103095,155595,149727,125689,55245,193253,213642,91087,146644,59769,205110,493488,180487,108054,165348,170545,237360,118706,82800,142140,131516,127305,79083,131394,113724,63279,55920,90646,84129,140300,149960,117828,128885,57354,97956,80136,59247,94569,95280,279543,64622,82438,61225,164943,73776,79596,104313,149904,117875,629227,184470,109825,189677,93873,153598,148479,113508,61913,49938,47440,64975,58277,48459,47154,56762,59076,40000
2021/1/19,518570,183280,206240,421960,458898,278284,142155,347598,418470,208032,135027,196000,217833,77880,357000,113481,95360,213440,118374,99348,111760,242208,239076,77880,206064,227012,107536,119900,95360,80960,225216,292800,54320,110199,218079,213440,104400,156948,151448,127280,55880,194550,215136,92240,147846,60456,206700,496800,182274,109296,166879,172028,239200,119679,83835,143376,132594,128412,79866,132471,114777,64080,56619,91389,85096,141520,151264,118919,129750,58080,98863,80878,59928,95656,96471,281710,65440,83315,62000,166050,74624,80333,105512,151292,118900,633450,185900,110780,190950,94952,154857,149630,114559,62526,50512,48033,65540,58854,49016,47696,57324,59623,40500
2021/1/20,522559,185571,208818,426755,463397,280683,143910,350424,421689,210396,136694,198450,219604,78765,359380,114882,96552,215280,119460,100322,113157,243890,241137,78765,207495,228969,108758,121000,96552,81972,226780,294752,54999,111210,219852,215280,105705,158301,153169,128871,56515,195847,216630,93393,149048,61143,208290,500112,184061,110538,168410,173511,241040,120652,84870,144612,133672,129519,80649,133548,115830,64881,57318,92132,86063,142740,152568,120010,130615,58806,99770,81620,60609,96743,97662,283877,66258,84192,62775,167157,75472,81070,106711,152680,119925,637673,187330,111735,192223,96031,156116,150781,115610,63139,51086,48626,66105,59431,49573,48238,57886,60170,41000
2021/1/21,526548,187862,211396,431550,467896,283082,145665,353250,424908,212760,138361,200900,221375,79650,361760,116283,97744,217120,120546,101296,114554,245572,243198,79650,208926,230926,109980,122100,97744,82984,228344,296704,55678,112221,221625,217120,107010,159654,154890,130462,57150,197144,218124,94546,150250,61830,209880,503424,185848,111780,169941,174994,242880,121625,85905,145848,134750,130626,81432,134625,116883,65682,58017,92875,87030,143960,153872,121101,131480,59532,100677,82362,61290,97830,98853,286044,67076,85069,63550,168264,76320,81807,107910,154068,120950,641896,188760,112690,193496,97110,157375,151932,116661,63752,51660,49219,66670,60008,50130,48780,58448,60717,41500
2021/1/22,530537,190153,213974,436345,472395,285481,147420,356076,428127,215124,140028,203350,223146,80535,364140,117684,98936,218960,121632,102270,115951,247254,245259,80535,210357,232883,111202,123200,98936,83996,229908,298656,56357,113232,223398,218960,108315,161007,156611,132053,57785,198441,219618,95699,151452,62517,211470,506736,187635,113022,171472,176477,244720,122598,86940,147084,135828,131733,82215,135702,117936,66483,58716,93618,87997,145180,155176,122192,132345,60258,101584,83104,61971,98917,100044,288211,67894,85946,64325,169371,77168,82544,109109,155456,121975,646119,190190,113645,194769,98189,158634,153083,117712,64365,52234,49812,67235,60585,50687,49322,59010,61264,42000
2021/1/23,534526,192444,216552,441140,476894,287880,149175,358902,431346,217488,141695,205800,224917,81420,366520,119085,100128,220800,122718,103244,117348,248936,247320,81420,211788,234840,112424,124300,100128,85008,231472,300608,57036,114243,225171,220800,109620,162360,158332,133644,58420,199738,221112,96852,152654,63204,213060,510048,189422,114264,173003,177960,246560,123571,87975,148320,136906,132840,82998,136779,118989,67284,59415,94361,88964,146400,156480,123283,133210,60984,102491,83846,62652,100004,101235,290378,68712,86823,65100,170478,78016,83281,110308,156844,123000,650342,191620,114600,196042,99268,159893,154234,118763,64978,52808,50405,67800,61162,51244,49864,59572,61811,42500
2021/1/24,538515,194735,219130,445935,481393,290279,150930,361728,434565,219852,143362,208250,226688,82305,368900,120486,101320,222640,123804,104218,118745,250618,249381,82305,213219,236797,113646,125400,101320,86020,233036,302560,57715,115254,226944,222640,110925,163713,160053,135235,59055,201035,222606,98005,153856,63891,214650,513360,191209,115506,174534,179443,248400,124544,89010,149556,137984,133947,83781,137856,120042,68085,60114,95104,89931,147620,157784,124374,134075,61710,103398,84588,63333,101091,102426,292545,69530,87700,65875,171585,78864,84018,111507,158232,124025,654565,193050,115555,197315,100347,161152,155385,119814,65591,53382,50998,68365,61739,51801,50406,60134,62358,43000
2021/1/25,542504,197026,221708,450730,485892,292678,152685,364554,437784,222216,145029,210700,228459,83190,371280,121887,102512,224480,124890,105192,120142,252300,251442,83190,214650,238754,114868,126500,102512,87032,234600,304512,58394,116265,228717,224480,112230,165066,161774,136826,59690,202332,224100,99158,155058,64578,216240,516672,192996,116748,176065,180926,250240,125517,90045,150792,139062,135054,84564,138933,121095,68886,60813,95847,90898,148840,159088,125465,134940,62436,104305,85330,64014,102178,103617,294712,70348,88577,66650,172692,79712,84755,112706,159620,125050,658788,194480,116510,198588,101426,162411,156536,120865,66204,53956,51591,68930,62316,52358,50948,60696,62905,43500
2021/1/26,546493,199317,224286,455525,490391,295077,154440,367380,441003,224580,146696,213150,230230,84075,373660,123288,103704,226320,125976,106166,121539,253982,253503,84075,216081,240711,116090,127600,103704,88044,236164,306464,59073,117276,230490,226320,113535,166419,163495,138417,60325,203629,225594,100311,156260,65265,217830,519984,194783,117990,177596,182409,252080,126490,91080,152028,140140,136161,85347,140010,122148,69687,61512,96590,91865,150060,160392,126556,135805,63162,105212,86072,64695,103265,104808,296879,71166,89454,67425,173799,80560,85492,113905,161008,126075,663011,195910,117465,199861,102505,163670,157687,121916,66817,54530,52184,69495,62893,52915,51490,61258,63452,44000
2021/1/27,550482,201608,226864,460320,494890,297476,156195,370206,444222,226944,148363,215600,232001,84960,376040,124689,104896,228160,127062,107140,122936,255664,255564,84960,217512,242668,117312,128700,104896,89056,237728,308416,59752,118287,232263,228160,114840,167772,165216,140008,60960,204926,227088,101464,157462,65952,219420,523296,196570,119232,179127,183892,253920,127463,92115,153264,141218,137268,86130,141087,123201,70488,62211,97333,92832,151280,161696,127647,136670,63888,106119,86814,65376,104352,105999,299046,71984,90331,68200,174906,81408,86229,115104,162396,127100,667234,197340,118420,201134,103584,164929,158838,122967,67430,55104,52777,70060,63470,53472,52032,61820,63999,44500
2021/1/28,554471,203899,229442,465115,499389,299875,157950,373032,447441,229308,150030,218050,233772,85845,378420,126090,106088,230000,128148,108114,124333,257346,257625,85845,218943,244625,118534,129800,106088,90068,239292,310368,60431,119298,234036,230000,116145,169125,166937,141599,61595,206223,228582,102617,158664,66639,221010,526608,198357,120474,180658,185375,255760,128436,93150,154500,142296,138375,86913,142164,124254,71289,62910,98076,93799,152500,163000,128738,137535,64614,107026,87556,66057,105439,107190,301213,72802,91208,68975,176013,82256,86966,116303,163784,128125,671457,198770,119375,202407,104663,166188,159989,124018,68043,55678,53370,70625,64047,54029,52574,62382,64546,45000
2021/1/29,558460,206190,232020,469910,503888,302274,159705,375858,450660,231672,151697,220500,235543,86730,380800,127491,107280,231840,129234,109088,125730,259028,259686,86730,220374,246582,119756,130900,107280,91080,240856,312320,61110,120309,235809,231840,117450,170478,168658,143190,62230,207520,230076,103770,159866,67326,222600,529920,200144,121716,182189,186858,257600,129409,94185,155736,143374,139482,87696,143241,125307,72090,63609,98819,94766,153720,164304,129829,138400,65340,107933,88298,66738,106526,108381,303380,73620,92085,69750,177120,83104,87703,117502,165172,129150,675680,200200,120330,203680,105742,167447,161140,125069,68656,56252,53963,71190,64624,54586,53116,62944,65093,45500
2021/1/30,562449,208481,234598,474705,508387,304673,161460,378684,453879,234036,153364,222950,237314,87615,383180,128892,108472,233680,130320,110062,127127,260710,261747,87615,221805,248539,120978,132000,108472,92092,242420,314272,61789,121320,237582,233680,118755,171831,170379,144781,62865,208817,231570,104923,161068,68013,224190,533232,201931,122958,183720,188341,259440,130382,95220,156972,144452,140589,88479,144318,126360,72891,64308,99562,95733,154940,165608,130920,139265,66066,108840,89040,67419,107613,109572,305547,74438,92962,70525,178227,83952,88440,118701,166560,130175,679903,201630,121285,204953,106821,168706,162291,126120,69269,56826,54556,71755,65201,55143,53658,63506,65640,46000
2021/1/31,566438,210772,237176,479500,512886,307072,163215,381510,457098,236400,155031,225400,239085,88500,385560,130293,109664,235520,131406,111036,128524,262392,263808,88500,223236,250496,122200,133100,109664,93104,243984,316224,62468,122331,239355,235520,120060,173184,172100,146372,63500,210114,233064,106076,162270,68700,225780,536544,203718,124200,185251,189824,261280,131355,96255,158208,145530,141696,89262,145395,127413,73692,65007,100305,96700,156160,166912,132011,140130,66792,109747,89782,68100,108700,110763,307714,75256,93839,71300,179334,84800,89177,119900,167948,131200,684126,203060,122240,206226,107900,169965,163442,127171,69882,57400,55149,72320,65778,55700,54200,64068,66187,46500
2021/2/1,570427,213063,239754,484295,517385,309471,164970,384336,460317,238764,156698,227850,240856,89385,387940,131694,110856,237360,132492,112010,129921,264074,265869,89385,224667,252453,123422,134200,110856,94116,245548,318176,63147,123342,241128,237360,121365,174537,173821,147963,64135,211411,234558,107229,163472,69387,227370,539856,205505,125442,186782,191307,263120,132328,97290,159444,146608,142803,90045,146472,128466,74493,65706,101048,97667,157380,168216,133102,140995,67518,110654,90524,68781,109787,111954,309881,76074,94716,72075,180441,85648,89914,121099,169336,132225,688349,204490,123195,207499,108979,171224,164593,128222,70495,57974,55742,72885,66355,56257,54742,64630,66734,47000
2021/2/2,574416,215354,242332,489090,521884,311870,166725,387162,463536,241128,158365,230300,242627,90270,390320,133095,112048,239200,133578,112984,131318,265756,267930,90270,226098,254410,124644,135300,112048,95128,247112,320128,63826,124353,242901,239200,122670,175890,175542,149554,64770,212708,236052,108382,164674,70074,228960,543168,207292,126684,188313,192790,264960,133301,98325,160680,147686,143910,90828,147549,129519,75294,66405,101791,98634,158600,169520,134193,141860,68244,111561,91266,69462,110874,113145,312048,76892,95593,72850,181548,86496,90651,122298,170724,133250,692572,205920,124150,208772,110058,172483,165744,129273,71108,58548,56335,73450,66932,56814,55284,65192,67281,47500
2021/2/3,578405,217645,244910,493885,526383,314269,168480,389988,466755,243492,160032,232750,244398,91155,392700,134496,113240,241040,134664,113958,132715,267438,269991,91155,227529,256367,125866,136400,113240,96140,248676,322080,64505,125364,244674,241040,123975,177243,177263,151145,65405,214005,237546,109535,165876,70761,230550,546480,209079,127926,189844,194273,266800,134274,99360,161916,148764,145017,91611,148626,130572,76095,67104,102534,99601,159820,170824,135284,142725,68970,112468,92008,70143,111961,114336,314215,77710,96470,73625,182655,87344,91388,123497,172112,134275,696795,207350,125105,210045,111137,173742,166895,130324,71721,59122,56928,74015,67509,57371,55826,65754,67828,48000
2021/2/4,582394,219936,247488,498680,530882,316668,170235,392814,469974,245856,161699,235200,246169,92040,395080,135897,114432,242880,135750,114932,134112,269120,272052,92040,228960,258324,127088,137500,114432,97152,250240,324032,65184,126375,246447,242880,125280,178596,178984,152736,66040,215302,239040,110688,167078,71448,232140,549792,210866,129168,191375,195756,268640,135247,100395,163152,149842,146124,92394,149703,131625,76896,67803,103277,100568,161040,172128,136375,143590,69696,113375,92750,70824,113048,115527,316382,78528,97347,74400,183762,88192,92125,124696,173500,135300,701018,208780,126060,211318,112216,175001,168046,131375,72334,59696,57521,74580,68086,57928,56368,66316,68375,48500
2021/2/5,586383,222227,250066,503475,535381,319067,171990,395640,473193,248220,163366,237650,247940,92925,397460,137298,115624,244720,136836,115906,135509,270802,274113,92925,230391,260281,128310,138600,115624,98164,251804,325984,65863,127386,248220,244720,126585,179949,180705,154327,66675,216599,240534,111841,168280,72135,233730,553104,212653,130410,192906,197239,270480,136220,101430,164388,150920,147231,93177,150780,132678,77697,68502,104020,101535,162260,173432,137466,144455,70422,114282,93492,71505,114135,116718,318549,79346,98224,75175,184869,89040,92862,125895,174888,136325,705241,210210,127015,212591,113295,176260,169197,132426,72947,60270,58114,75145,68663,58485,56910,66878,68922,49000
2021/2/6,590372,224518,252644,508270,539880,321466,173745,398466,476412,250584,165033,240100,249711,93810,399840,138699,116816,246560,137922,116880,136906,272484,276174,93810,231822,262238,129532,139700,116816,99176,253368,327936,66542,128397,249993,246560,127890,181302,182426,155918,67310,217896,242028,112994,169482,72822,235320,556416,214440,131652,194437,198722,272320,137193,102465,165624,151998,148338,93960,151857,133731,78498,69201,104763,102502,163480,174736,138557,145320,71148,115189,94234,72186,115222,117909,320716,80164,99101,75950,185976,89888,93599,127094,176276,137350,709464,211640,127970,213864,114374,177519,170348,133477,73560,60844,58707,75710,69240,59042,57452,67440,69469,49500
2021/2/7,594361,226809,255222,513065,544379,323865,175500,401292,479631,252948,166700,242550,251482,94695,402220,140100,118008,248400,139008,117854,138303,274166,278235,94695,233253,264195,130754,140800,118008,100188,254932,329888,67221,129408,251766,248400,129195,182655,184147,157509,67945,219193,243522,114147,170684,73509,236910,559728,216227,132894,195968,200205,274160,138166,103500,166860,153076,149445,94743,152934,134784,79299,69900,105506,103469,164700,176040,139648,146185,71874,116096,94976,72867,116309,119100,322883,80982,99978,76725,187083,90736,94336,128293,177664,138375,713687,213070,128925,215137,115453,178778,171499,134528,74173,61418,59300,76275,69817,59599,57994,68002,70016,50000
2021/2/8,598350,229100,257800,517860,548878,326264,177255,404118,482850,255312,168367,245000,253253,95580,404600,141501,119200,250240,140094,118828,139700,275848,280296,95580,234684,266152,131976,141900,119200,101200,256496,331840,67900,130419,253539,250240,130500,184008,185868,159100,68580,220490,245016,115300,171886,74196,238500,563040,218014,134136,197499,201688,276000,139139,104535,168096,154154,150552,95526,154011,135837,80100,70599,106249,104436,165920,177344,140739,147050,72600,117003,95718,73548,117396,120291,325050,81800,100855,77500,188190,91584,95073,129492,179052,139400,717910,214500,129880,216410,116532,180037,172650,135579,74786,61992,59893,76840,70394,60156,58536,68564,70563,50500
2021/2/9,602339,231391,260378,522655,553377,328663,179010,406944,486069,257676,170034,247450,255024,96465,406980,142902,120392,252080,141180,119802,141097,277530,282357,96465,236115,268109,133198,143000,120392,102212,258060,333792,68579,131430,255312,252080,131805,185361,187589,160691,69215,221787,246510,116453,173088,74883,240090,566352,219801,135378,199030,203171,277840,140112,105570,169332,155232,151659,96309,155088,136890,80901,71298,106992,105403,167140,178648,141830,147915,73326,117910,96460,74229,118483,121482,327217,82618,101732,78275,189297,92432,95810,130691,180440,140425,722133,215930,130835,217683,117611,181296,173801,136630,75399,62566,60486,77405,70971,60713,59078,69126,71110,51000
2021/2/10,606328,233682,262956,527450,557876,331062,180765,409770,489288,260040,171701,249900,256795,97350,409360,144303,121584,253920,142266,120776,142494,279212,284418,97350,237546,270066,134420,144100,121584,103224,259624,335744,69258,132441,257085,253920,133110,186714,189310,162282,69850,223084,248004,117606,174290,75570,241680,569664,221588,136620,200561,204654,279680,141085,106605,170568,156310,152766,97092,156165,137943,81702,71997,107735,106370,168360,179952,142921,148780,74052,118817,97202,74910,119570,122673,329384,83436,102609,79050,190404,93280,96547,131890,181828,141450,726356,217360,131790,218956,118690,182555,174952,137681,76012,63140,61079,77970,71548,61270,59620,69688,71657,51500
2021/2/11,610317,235973,265534,532245,562375,333461,182520,412596,492507,262404,173368,252350,258566,98235,411740,145704,122776,255760,143352,121750,143891,280894,286479,98235,238977,272023,135642,145200,122776,104236,261188,337696,69937,133452,258858,255760,134415,188067,191031,163873,70485,224381,249498,118759,175492,76257,243270,572976,223375,137862,202092,206137,281520,142058,107640,171804,157388,153873,97875,157242,138996,82503,72696,108478,107337,169580,181256,144012,149645,74778,119724,97944,75591,120657,123864,331551,84254,103486,79825,191511,94128,97284,133089,183216,142475,730579,218790,132745,220229,119769,183814,176103,138732,76625,63714,61672,78535,72125,61827,60162,70250,72204,52000
2021/2/12,614306,238264,268112,537040,566874,335860,184275,415422,495726,264768,175035,254800,260337,99120,414120,147105,123968,257600,144438,122724,145288,282576,288540,99120,240408,273980,136864,146300,123968,105248,262752,339648,70616,134463,260631,257600,135720,189420,192752,165464,71120,225678,250992,119912,176694,76944,244860,576288,225162,139104,203623,207620,283360,143031,108675,173040,158466,154980,98658,158319,140049,83304,73395,109221,108304,170800,182560,145103,150510,75504,120631,98686,76272,121744,125055,333718,85072,104363,80600,192618,94976,98021,134288,184604,143500,734802,220220,133700,221502,120848,185073,177254,139783,77238,64288,62265,79100,72702,62384,60704,70812,72751,52500
2021/2/13,618295,240555,270690,541835,571373,338259,186030,418248,498945,267132,176702,257250,262108,100005,416500,148506,125160,259440,145524,123698,146685,284258,290601,100005,241839,275937,138086,147400,125160,106260,264316,341600,71295,135474,262404,259440,137025,190773,194473,167055,71755,226975,252486,121065,177896,77631,246450,579600,226949,140346,205154,209103,285200,144004,109710,174276,159544,156087,99441,159396,141102,84105,74094,109964,109271,172020,183864,146194,151375,76230,121538,99428,76953,122831,126246,335885,85890,105240,81375,193725,95824,98758,135487,185992,144525,739025,221650,134655,222775,121927,186332,178405,140834,77851,64862,62858,79665,73279,62941,61246,71374,73298,53000
2021/2/14,622284,242846,273268,546630,575872,340658,187785,421074,502164,269496,178369,259700,263879,100890,418880,149907,126352,261280,146610,124672,148082,285940,292662,100890,243270,277894,139308,148500,126352,107272,265880,343552,71974,136485,264177,261280,138330,192126,196194,168646,72390,228272,253980,122218,179098,78318,248040,582912,228736,141588,206685,210586,287040,144977,110745,175512,160622,157194,100224,160473,142155,84906,74793,110707,110238,173240,185168,147285,152240,76956,122445,100170,77634,123918,127437,338052,86708,106117,82150,194832,96672,99495,136686,187380,145550,743248,223080,135610,224048,123006,187591,179556,141885,78464,65436,63451,80230,73856,63498,61788,71936,73845,53500
